Student_ID,Age,Gender,Year_of_Study,Department,Residence_Type,Attendance_Percent,Study_Hours_Per_Day,Previous_GPA,Backlogs,Sleep_Hours,Screen_Time_Hours,Exercise_Freq_Per_Week,Social_Activity_Score,Part_Time_Job,Family_Income_Bracket,Financial_Stress_Score,Family_Support_Score,Stress_Level,Anxiety_Score,Motivation_Score,Peer_Pressure_Score,Counseling_Access,Burnout_Level,Dropout_Risk
STU00001,23,Female,2,Science,Hostel,93.0,4.1,7.13,2.0,6.2,4.9,2,6.5,Yes,Upper-Middle,5.5,10.0,4.0,,7.0,,No,Low,No
STU00002,20,Female,4,Engineering,Day Scholar,94.3,0.0,10.0,0.0,,,1,4.1,Yes,Low,3.7,4.0,5.5,5.1,9.3,2.8,Yes,Medium,Yes
STU00003,24,Male,2,Business,PG/Rented,61.2,2.6,8.02,0.0,4.2,3.8,2,5.8,No,Middle,4.8,8.1,9.0,5.2,5.7,5.4,No,High,Yes
STU00004,21,Female,4,Medicine,Hostel,66.9,3.1,5.34,1.0,5.7,5.9,2,4.1,Yes,Lower-Middle,7.0,6.6,2.8,4.2,5.1,3.9,No,High,Yes
STU00005,23,Female,1,Engineering,,84.8,2.9,4.45,1.0,8.0,5.0,2,3.3,No,Lower-Middle,1.3,7.3,0.9,6.4,8.1,5.1,No,Low,No
STU00006,19,Male,4,Business,Hostel,72.5,,,0.0,4.9,5.7,1,5.4,No,Middle,2.0,6.9,6.6,6.7,,4.2,No,Medium,No
STU00007,23,Female,3,Science,Hostel,,1.6,8.0,0.0,5.4,5.2,3,2.7,No,Middle,6.3,5.0,7.6,5.5,5.6,5.2,Yes,High,Yes
STU00008,24,Other,2,Medicine,Hostel,97.3,7.0,7.61,0.0,6.5,4.7,6,8.8,No,Lower-Middle,5.1,,1.3,5.2,10.0,5.4,No,Low,No
STU00009,21,Male,1,Science,Hostel,73.3,2.6,5.66,0.0,3.7,6.1,1,2.1,No,Middle,4.8,6.5,4.9,7.7,6.5,0.6,No,Medium,Yes
STU00010,20,Male,2,Engineering,PG/Rented,63.5,7.0,7.31,1.0,6.6,7.2,4,5.6,Yes,Lower-Middle,7.2,4.8,3.5,2.6,7.1,3.6,No,Medium,Yes
STU00011,24,Female,1,Science,Hostel,65.5,1.4,5.79,1.0,,4.3,1,5.3,Yes,Upper-Middle,6.6,5.7,6.1,4.3,4.8,5.2,No,High,Yes
STU00012,24,Female,1,Business,Day Scholar,100.0,4.3,7.73,0.0,7.1,6.4,2,5.1,No,Lower-Middle,8.9,8.3,5.4,7.2,6.7,6.1,No,Medium,Yes
STU00013,19,Male,3,Science,Hostel,75.3,3.6,8.18,1.0,5.0,,0,8.0,Yes,Lower-Middle,7.1,,8.1,6.2,8.1,3.8,Yes,Medium,Yes
STU00014,22,Female,2,Law,Day Scholar,57.5,1.7,6.04,0.0,4.8,2.7,3,0.0,Yes,Upper-Middle,6.2,6.1,2.8,4.5,2.3,0.8,No,High,Yes
STU00015,21,Female,3,Science,Day Scholar,51.5,,8.38,1.0,6.6,7.6,1,,No,Low,4.9,8.8,6.3,5.9,5.3,7.0,Yes,High,Yes
STU00016,18,Female,4,Medicine,Hostel,68.6,3.2,6.96,2.0,7.4,10.0,1,4.5,No,Lower-Middle,4.7,5.4,6.7,3.8,6.2,6.2,No,High,Yes
STU00017,24,Female,2,Engineering,Hostel,75.1,1.8,7.49,,6.8,5.3,1,6.2,No,Lower-Middle,5.0,9.7,5.6,5.4,5.4,4.7,No,Low,Yes
STU00018,22,,3,Science,PG/Rented,92.2,,4.97,1.0,6.5,5.1,1,5.1,Yes,Upper-Middle,5.5,3.1,1.5,6.5,4.5,3.6,Yes,Low,No
STU00019,18,Male,1,Science,Hostel,90.8,0.0,7.13,1.0,6.5,5.0,0,4.8,No,High,2.2,10.0,6.3,7.8,8.4,,No,Low,No
STU00020,21,Male,3,Engineering,Day Scholar,77.9,4.3,5.85,1.0,6.8,6.9,3,2.6,No,Upper-Middle,5.6,6.5,4.0,6.5,5.9,3.6,Yes,Low,No
STU00021,17,Female,2,Medicine,Hostel,71.2,,7.46,1.0,6.9,6.6,0,3.7,Yes,Middle,4.4,3.6,2.0,8.0,4.0,6.3,Yes,Medium,No
STU00022,22,Female,4,Engineering,PG/Rented,83.1,3.9,8.85,0.0,5.6,2.0,0,10.0,Yes,Middle,5.8,8.3,6.2,1.8,7.6,8.1,No,Low,Yes
STU00023,25,Male,4,Science,Hostel,51.8,6.8,7.21,1.0,7.2,3.6,4,6.2,No,Middle,3.7,7.4,7.0,0.1,8.4,3.5,No,Low,No
STU00024,17,Female,2,,Day Scholar,100.0,4.3,,0.0,5.0,6.6,3,,No,Lower-Middle,3.5,9.5,4.3,0.2,7.9,,Yes,Low,No
STU00025,19,Female,1,Science,,87.8,5.0,7.68,1.0,7.8,,3,4.3,No,High,5.5,3.1,7.2,7.5,4.6,3.2,No,Medium,Yes
STU00026,23,Male,4,Engineering,PG/Rented,91.0,5.2,7.36,1.0,7.4,2.9,1,3.3,Yes,Low,6.1,4.1,7.2,6.3,4.7,6.6,No,High,Yes
STU00027,20,Female,3,Arts,Hostel,61.9,0.0,9.68,0.0,9.5,8.8,1,6.6,No,Lower-Middle,3.6,8.2,5.5,3.4,3.3,,Yes,Low,No
STU00028,25,Female,1,Arts,PG/Rented,97.2,3.9,7.16,0.0,7.0,3.7,3,1.2,No,Upper-Middle,8.0,10.0,6.7,4.2,6.0,7.4,No,Low,No
STU00029,19,Female,1,Medicine,Day Scholar,71.1,1.0,5.98,1.0,7.6,5.6,0,3.7,Yes,Upper-Middle,8.0,7.8,7.5,5.7,7.8,3.9,No,High,Yes
STU00030,21,Female,3,Business,Hostel,63.7,1.3,,0.0,3.9,5.1,3,4.3,Yes,Low,1.4,8.1,6.6,3.4,6.7,2.7,No,Medium,Yes
STU00031,19,Male,1,Business,PG/Rented,77.4,1.6,6.62,0.0,7.6,3.1,3,6.9,No,Low,3.2,4.8,0.9,3.2,9.2,3.8,Yes,Low,No
STU00032,23,Female,4,Science,Hostel,77.1,2.7,6.91,1.0,8.0,5.9,2,5.8,,Middle,5.3,6.1,0.5,3.6,1.4,4.1,Yes,Low,No
STU00033,21,Male,2,Business,PG/Rented,61.8,4.2,5.5,1.0,8.5,6.4,1,4.1,No,Middle,5.9,5.1,7.6,3.4,5.8,5.0,Yes,Medium,No
STU00034,25,Male,1,Arts,PG/Rented,64.6,3.9,6.63,1.0,6.4,4.5,4,5.7,No,Middle,9.9,7.6,4.1,5.1,7.2,3.8,Yes,Low,Yes
STU00035,23,Female,4,Arts,PG/Rented,63.4,3.2,6.84,2.0,5.7,4.8,2,4.4,No,Lower-Middle,5.3,8.5,4.5,8.7,4.2,5.0,No,High,Yes
STU00036,18,Male,2,Medicine,Hostel,63.5,4.4,6.62,0.0,4.6,6.8,3,7.1,No,High,4.7,6.9,9.3,2.8,3.1,5.0,Yes,Medium,Yes
STU00037,20,Male,2,Arts,PG/Rented,72.2,4.5,5.97,2.0,4.7,1.2,2,5.5,No,Lower-Middle,2.4,8.2,4.0,4.8,3.0,3.6,Yes,Low,Yes
STU00038,25,Female,1,Arts,Day Scholar,57.2,3.9,7.2,0.0,6.2,3.6,3,8.5,Yes,,1.4,6.4,5.2,6.0,5.7,,No,Medium,Yes
STU00039,18,Male,1,Engineering,PG/Rented,67.6,0.4,5.51,1.0,3.6,,0,4.4,No,Middle,4.7,9.4,5.5,6.2,2.9,3.3,No,High,Yes
STU00040,25,Male,3,Engineering,Day Scholar,93.7,2.0,5.18,1.0,5.0,,5,7.5,No,Lower-Middle,9.7,4.6,5.1,3.9,8.6,8.5,Yes,Low,No
STU00041,21,Female,2,Engineering,PG/Rented,90.3,3.2,7.79,3.0,6.3,4.3,3,5.2,Yes,Lower-Middle,4.5,9.6,,6.4,6.6,5.1,No,Medium,Yes
STU00042,18,Female,3,Engineering,Day Scholar,,4.4,,1.0,6.3,7.5,2,3.6,No,High,3.2,4.9,4.8,5.9,5.1,,Yes,Low,No
STU00043,20,Male,3,Arts,Day Scholar,92.4,1.1,4.97,1.0,4.7,4.1,4,10.0,Yes,Upper-Middle,6.0,6.5,6.9,4.0,5.3,4.1,No,Medium,No
STU00044,23,Female,3,Science,Hostel,48.5,3.2,4.24,0.0,4.3,9.9,1,7.6,No,Lower-Middle,0.4,3.9,5.6,,7.8,3.1,Yes,Medium,Yes
STU00045,24,,1,Arts,PG/Rented,100.0,0.7,5.39,1.0,4.6,1.6,2,5.5,No,Upper-Middle,5.2,7.6,7.4,2.5,8.3,6.2,No,Low,No
STU00046,19,Female,2,Science,Day Scholar,97.5,4.8,6.62,2.0,5.9,0.6,1,6.5,No,Lower-Middle,6.9,6.8,2.8,6.6,3.5,5.2,No,Low,No
STU00047,17,Female,4,Law,Day Scholar,69.6,3.6,8.42,0.0,9.4,7.4,2,2.8,No,Middle,2.8,8.1,1.0,8.1,4.0,0.0,Yes,Low,No
STU00048,20,Other,3,Science,PG/Rented,83.7,,6.59,0.0,7.8,3.3,0,2.9,No,Low,8.1,2.7,5.6,5.0,4.7,8.4,No,High,Yes
STU00049,18,Female,2,,Day Scholar,57.0,1.0,5.72,1.0,6.5,3.4,1,7.2,Yes,Upper-Middle,6.5,6.8,3.8,8.1,4.2,6.0,No,High,No
STU00050,24,Female,1,Arts,Hostel,,3.8,7.01,1.0,7.0,7.7,2,5.0,Yes,Low,8.2,7.4,8.4,4.9,1.7,3.7,No,High,Yes
STU00051,20,Female,2,Business,Day Scholar,75.2,5.4,6.64,1.0,7.7,4.4,2,4.7,No,Middle,1.8,4.3,5.3,2.5,3.8,5.7,No,Low,No
STU00052,18,Male,3,Engineering,Day Scholar,65.5,1.4,4.87,1.0,7.2,7.5,2,4.4,Yes,Upper-Middle,4.6,7.7,5.9,4.5,4.0,5.3,No,High,Yes
STU00053,22,Male,4,Business,Day Scholar,71.0,4.5,4.87,0.0,5.7,4.2,3,5.3,No,Low,7.1,1.4,,8.3,3.0,5.5,No,High,Yes
STU00054,22,Female,3,Medicine,Hostel,69.5,2.3,4.91,1.0,4.9,6.3,1,4.5,No,Middle,1.6,6.2,4.2,3.7,6.4,2.8,No,Medium,Yes
STU00055,20,Female,4,Science,Hostel,61.0,4.5,10.0,0.0,6.0,4.4,2,0.9,Yes,Low,7.2,9.6,5.6,4.7,5.2,4.6,No,High,No
STU00056,22,Female,3,Engineering,,65.1,4.3,8.0,0.0,7.7,3.5,1,7.8,No,Middle,4.6,6.2,,7.6,6.8,5.1,No,Medium,Yes
STU00057,18,Male,1,Business,Day Scholar,56.4,3.4,5.97,1.0,5.8,9.3,3,4.8,No,Lower-Middle,7.2,4.9,4.9,7.5,3.4,7.0,No,High,Yes
STU00058,18,Female,2,Science,Hostel,90.9,0.3,8.35,0.0,4.5,8.0,1,8.7,No,Middle,5.5,6.4,4.7,5.7,6.8,4.7,No,Medium,No
STU00059,20,Male,1,Engineering,Day Scholar,64.0,4.3,6.0,0.0,3.6,3.9,1,1.5,No,High,8.2,6.7,7.1,6.2,5.8,5.4,No,Medium,No
STU00060,24,Male,1,Business,PG/Rented,59.7,4.0,8.31,0.0,6.0,5.1,2,1.5,Yes,Lower-Middle,2.0,8.5,2.1,7.3,4.3,2.7,No,Medium,No
STU00061,23,Female,4,Medicine,Hostel,90.6,3.9,6.91,2.0,4.7,8.7,1,4.4,No,Low,5.8,6.8,7.9,5.7,8.9,4.6,Yes,Medium,Yes
STU00062,25,Female,2,Business,Day Scholar,83.5,3.5,5.88,0.0,5.5,3.3,4,7.0,Yes,Middle,1.5,8.2,3.9,7.8,,6.2,No,Low,Yes
STU00063,24,Female,2,Engineering,PG/Rented,90.1,1.8,7.75,1.0,8.4,3.4,1,2.6,Yes,Upper-Middle,6.0,6.7,7.4,6.5,4.4,3.1,No,Medium,No
STU00064,21,Female,1,Arts,PG/Rented,91.7,4.9,6.99,1.0,6.1,6.5,1,2.5,No,High,5.8,4.9,6.1,4.7,6.1,3.7,No,Medium,No
STU00065,18,,2,Medicine,Day Scholar,100.0,4.6,7.36,3.0,5.1,,1,5.7,Yes,Lower-Middle,4.3,3.4,1.3,6.0,3.5,,No,Medium,Yes
STU00066,21,Female,1,Arts,Day Scholar,75.7,1.5,,0.0,6.7,,1,4.4,No,Lower-Middle,3.2,7.3,5.5,4.2,5.1,1.8,No,Medium,Yes
STU00067,24,Male,1,Engineering,PG/Rented,56.1,5.3,7.09,0.0,9.1,7.8,2,,No,Upper-Middle,4.3,1.1,8.1,2.9,9.8,2.8,Yes,Low,No
STU00068,25,Female,3,,Day Scholar,82.1,3.4,7.92,1.0,6.0,3.3,3,4.4,No,Upper-Middle,5.2,2.6,4.9,2.5,1.8,5.6,No,Low,No
STU00069,25,Female,1,Business,PG/Rented,68.0,3.4,10.0,0.0,2.7,6.3,3,5.8,No,Middle,5.7,3.4,5.1,4.5,4.4,4.0,No,Medium,Yes
STU00070,17,Female,3,Arts,Hostel,63.6,2.9,8.55,1.0,7.2,4.7,4,7.7,Yes,Lower-Middle,9.4,,4.0,5.7,5.2,2.8,Yes,Medium,No
STU00071,25,Female,1,Science,PG/Rented,79.5,3.1,7.11,,6.7,9.6,3,2.6,No,Lower-Middle,7.0,3.2,7.9,9.0,4.7,8.9,No,High,Yes
STU00072,23,Female,1,Engineering,Day Scholar,91.0,5.4,6.37,0.0,6.3,9.0,0,7.4,Yes,Low,,7.5,4.6,5.9,4.4,3.1,No,Low,Yes
STU00073,25,Female,1,Medicine,Day Scholar,65.5,4.9,6.52,2.0,5.9,10.5,1,1.6,No,High,6.3,4.2,9.1,5.4,9.1,5.7,No,High,Yes
STU00074,24,Male,3,Engineering,Hostel,97.1,4.8,5.04,1.0,5.0,4.0,1,,Yes,Lower-Middle,7.0,6.2,7.8,4.8,4.3,5.2,No,High,Yes
STU00075,17,,3,Business,Day Scholar,63.2,3.5,7.73,0.0,8.5,5.6,1,7.8,Yes,Middle,3.5,6.4,8.2,4.2,6.3,5.0,No,Medium,No
STU00076,24,Male,2,Engineering,Hostel,74.3,4.6,5.38,0.0,3.4,6.3,3,4.0,No,Middle,6.6,6.1,5.7,5.3,4.2,0.8,Yes,Low,Yes
STU00077,24,Male,2,Business,PG/Rented,,1.9,6.28,2.0,5.7,4.1,3,6.3,No,Lower-Middle,1.6,5.1,4.5,4.4,6.3,7.0,No,Low,No
STU00078,19,Female,3,Arts,PG/Rented,72.2,4.1,7.74,1.0,5.7,5.8,3,4.0,No,Lower-Middle,3.4,3.1,6.5,4.3,7.5,5.1,Yes,Low,Yes
STU00079,17,Female,1,Arts,Hostel,51.4,3.0,6.47,2.0,7.5,7.5,2,6.2,No,Middle,1.7,6.6,8.6,6.8,5.3,6.3,No,High,Yes
STU00080,24,Male,2,Engineering,PG/Rented,91.9,0.0,6.11,0.0,8.1,4.3,2,0.5,No,Lower-Middle,4.5,7.7,,3.0,4.3,6.8,Yes,Medium,No
STU00081,19,Male,4,,PG/Rented,68.6,0.7,5.12,1.0,5.9,4.0,3,5.3,No,Lower-Middle,3.9,8.0,1.8,4.5,5.2,7.9,Yes,Medium,Yes
STU00082,19,Male,3,Engineering,Day Scholar,89.2,2.1,8.49,2.0,6.5,3.8,1,5.8,No,Lower-Middle,4.1,6.7,10.0,3.5,6.6,2.5,No,Medium,No
STU00083,17,Female,2,Science,Hostel,59.0,3.9,5.63,0.0,6.6,2.5,3,7.7,Yes,Upper-Middle,6.9,7.1,6.0,5.3,7.3,3.1,Yes,Low,Yes
STU00084,21,Female,4,Law,Hostel,61.6,2.1,5.98,0.0,,7.4,2,6.9,No,High,5.2,4.8,7.1,6.9,6.0,3.3,No,High,Yes
STU00085,23,Male,3,Business,Hostel,90.9,2.3,4.29,1.0,7.7,3.9,5,4.7,No,Middle,6.8,7.5,3.7,5.8,5.3,2.8,Yes,Low,No
STU00086,25,Female,1,Arts,Hostel,83.1,4.4,6.77,1.0,5.4,3.7,2,5.5,Yes,Upper-Middle,8.7,7.4,3.6,4.5,8.2,7.1,Yes,Low,No
STU00087,23,Female,3,Business,PG/Rented,71.4,2.3,6.33,0.0,6.9,6.7,2,2.1,Yes,Middle,9.8,5.8,2.6,7.1,4.2,,Yes,High,No
STU00088,25,Male,3,Engineering,Hostel,83.3,5.3,7.05,0.0,6.8,5.5,1,8.3,Yes,Middle,4.7,6.6,8.9,6.9,4.6,3.7,No,Medium,Yes
STU00089,24,Female,2,Business,PG/Rented,63.7,5.1,5.16,1.0,6.0,4.3,2,6.4,No,High,6.2,6.4,4.1,5.1,9.3,1.2,Yes,Low,No
STU00090,18,Female,2,Science,Hostel,79.7,3.2,7.83,1.0,6.8,7.3,4,1.3,No,Middle,4.6,7.5,5.3,8.5,5.3,6.0,Yes,Medium,No
STU00091,17,Male,2,Arts,Day Scholar,79.9,4.4,4.23,2.0,6.2,4.3,1,5.5,No,Low,7.3,3.1,4.9,5.9,6.9,4.2,No,High,No
STU00092,23,Male,3,Engineering,PG/Rented,72.4,4.2,6.67,1.0,6.4,0.7,1,,No,High,6.9,3.1,3.5,5.9,3.6,6.3,Yes,Low,No
STU00093,23,Male,2,Medicine,PG/Rented,65.5,2.8,6.96,1.0,4.2,8.4,1,3.5,No,Upper-Middle,3.5,3.2,5.1,2.4,7.6,5.9,No,Medium,No
STU00094,24,Male,4,Arts,Hostel,79.1,4.6,6.88,2.0,4.8,3.7,3,5.2,Yes,Lower-Middle,,5.5,5.7,1.3,3.1,1.2,No,Low,No
STU00095,21,Female,3,Medicine,Day Scholar,77.2,4.8,7.02,1.0,7.4,3.9,0,3.3,Yes,High,8.2,7.5,8.0,,2.9,4.9,No,Medium,Yes
STU00096,19,Female,1,Arts,Day Scholar,71.0,1.7,7.9,0.0,4.4,3.9,3,2.2,No,Lower-Middle,3.7,1.6,3.4,7.2,7.4,2.3,No,Medium,Yes
STU00097,24,Male,3,Arts,Hostel,62.5,3.4,8.65,1.0,6.9,5.6,0,3.8,No,Lower-Middle,4.7,,4.3,5.7,,4.8,No,High,No
STU00098,22,Male,1,Engineering,Hostel,78.2,3.4,6.58,3.0,6.1,4.9,1,5.3,No,Middle,6.6,9.1,6.6,7.1,5.0,3.3,No,Medium,No
STU00099,19,Male,3,Engineering,Day Scholar,71.1,,5.45,1.0,7.7,7.7,0,6.9,No,Lower-Middle,,7.1,5.6,,6.4,8.2,No,Medium,Yes
STU00100,17,Male,3,Law,Day Scholar,62.5,,7.59,0.0,7.2,9.1,0,,No,Middle,8.5,2.1,,5.2,4.9,9.8,No,High,Yes
STU00101,19,Female,1,Engineering,Day Scholar,78.7,2.2,6.41,1.0,5.5,4.0,0,6.9,,Lower-Middle,7.4,7.6,3.6,5.0,3.3,4.0,Yes,Medium,No
STU00102,21,Male,2,Law,Hostel,100.0,3.5,8.57,2.0,5.9,3.4,1,6.3,Yes,Low,3.0,7.0,7.1,1.0,4.3,4.7,No,Low,Yes
STU00103,19,Male,1,Arts,Day Scholar,72.5,5.1,5.96,0.0,3.2,4.4,2,2.9,No,Middle,3.7,5.7,8.3,8.9,3.5,0.0,No,High,Yes
STU00104,17,Male,1,Engineering,Day Scholar,100.0,1.3,5.6,1.0,6.0,,1,6.3,Yes,Middle,6.4,,8.1,7.6,7.9,1.2,No,High,No
STU00105,21,Female,2,Engineering,Day Scholar,100.0,1.6,7.0,0.0,4.3,5.2,3,6.3,No,Low,4.9,3.4,5.1,7.0,8.0,5.3,No,Medium,No
STU00106,23,Male,2,Engineering,PG/Rented,63.7,2.4,4.36,2.0,5.9,4.4,2,8.5,Yes,High,0.5,6.6,0.3,,3.7,4.4,No,High,Yes
STU00107,23,Female,4,Medicine,Day Scholar,78.1,2.7,6.15,0.0,5.2,2.6,4,5.8,No,Middle,2.8,,6.0,4.0,6.4,5.3,Yes,Low,No
STU00108,25,,2,Business,PG/Rented,100.0,0.4,6.34,1.0,4.9,0.6,0,2.5,No,Lower-Middle,5.5,5.0,5.7,6.8,4.9,,No,High,Yes
STU00109,19,Female,2,Business,Hostel,76.2,5.6,7.11,1.0,8.0,3.3,3,3.9,No,,7.0,5.5,3.5,4.0,8.6,5.1,Yes,Low,Yes
STU00110,23,Female,3,Business,Day Scholar,78.6,3.0,5.41,1.0,4.3,8.3,4,1.3,No,Upper-Middle,7.1,5.3,3.9,5.3,10.0,0.0,No,Low,No
STU00111,17,Male,1,Engineering,Hostel,52.9,2.8,5.57,0.0,4.8,6.5,1,6.0,No,Middle,9.5,5.5,3.5,1.2,7.0,3.3,No,Medium,No
STU00112,20,Male,4,Business,Day Scholar,70.0,5.8,8.42,1.0,5.2,5.1,4,8.3,No,Lower-Middle,3.4,4.7,6.0,4.7,4.4,5.4,Yes,Low,No
STU00113,20,Female,3,Engineering,Day Scholar,86.3,4.3,6.78,0.0,5.5,7.1,2,0.2,No,Low,3.5,4.8,3.9,1.6,3.1,7.9,No,Medium,No
STU00114,21,Female,3,Medicine,PG/Rented,100.0,2.3,8.01,1.0,4.9,2.7,0,8.4,No,Middle,4.9,,5.8,2.2,6.0,4.3,No,Low,No
STU00115,23,Male,1,Business,Hostel,75.1,3.5,6.04,2.0,5.7,5.6,1,6.0,Yes,Lower-Middle,1.1,2.7,10.0,4.9,5.2,5.7,No,High,Yes
STU00116,23,Female,2,Business,Day Scholar,53.1,3.1,6.72,1.0,6.7,1.6,1,2.8,No,Middle,5.0,6.9,5.1,3.4,2.5,3.2,Yes,Low,No
STU00117,20,Female,2,Business,Day Scholar,56.9,5.5,7.1,0.0,7.2,6.3,2,5.5,No,High,4.6,7.6,3.2,5.7,5.7,5.4,No,Low,No
STU00118,23,Female,4,Business,Hostel,77.5,2.9,9.25,2.0,7.1,6.1,2,2.9,No,,6.8,3.5,2.6,8.7,9.9,3.5,No,Medium,No
STU00119,19,Male,1,Law,Hostel,95.7,0.9,6.5,0.0,3.3,6.1,3,5.9,No,Upper-Middle,,6.3,6.2,3.6,,8.4,No,Medium,Yes
STU00120,22,Female,2,Arts,Hostel,87.6,0.2,6.57,0.0,6.8,,2,5.1,Yes,High,5.8,4.5,9.5,4.4,3.1,3.8,No,High,Yes
STU00121,18,Male,4,Engineering,Hostel,84.9,5.6,,1.0,6.9,7.2,3,5.7,No,High,5.0,9.0,3.7,6.5,5.5,4.2,No,Low,No
STU00122,25,Female,2,Arts,Hostel,97.6,1.9,6.27,0.0,5.2,2.8,1,3.2,No,High,5.8,6.0,1.2,3.5,6.3,6.0,No,Low,No
STU00123,21,Male,2,Engineering,Hostel,67.2,4.3,7.2,1.0,8.7,8.1,1,3.5,Yes,Upper-Middle,3.2,9.7,8.9,,6.5,5.5,No,Low,No
STU00124,22,Male,1,Engineering,Hostel,78.3,3.3,8.22,1.0,7.8,5.0,3,6.0,No,Middle,,9.4,10.0,4.0,2.1,3.8,No,Low,No
STU00125,20,Male,4,Law,Day Scholar,70.2,2.5,5.99,0.0,5.9,1.2,1,4.0,No,Middle,5.0,7.2,,6.9,5.3,5.3,No,Medium,Yes
STU00126,23,Female,1,Science,Day Scholar,73.9,2.8,7.28,0.0,,5.3,3,,Yes,Middle,4.8,10.0,6.4,1.1,6.0,2.4,No,Low,No
STU00127,25,Male,3,Law,PG/Rented,62.9,5.7,9.24,1.0,,6.9,1,5.9,Yes,Upper-Middle,4.6,3.0,5.6,3.1,5.1,5.0,No,Medium,Yes
STU00128,23,Male,3,Business,Day Scholar,72.8,0.9,8.09,3.0,6.2,3.3,2,4.6,No,Lower-Middle,3.6,9.7,6.9,8.4,1.4,5.6,No,High,Yes
STU00129,17,Male,1,,PG/Rented,,2.6,7.2,0.0,6.3,8.4,1,7.3,Yes,Lower-Middle,2.6,5.9,6.8,0.0,5.2,3.7,Yes,Medium,No
STU00130,17,Female,3,Engineering,PG/Rented,72.4,4.7,6.49,0.0,6.3,3.5,2,4.6,,,4.5,6.2,6.1,4.7,,3.8,No,Low,No
STU00131,25,Other,1,Engineering,Day Scholar,75.6,1.1,5.95,,9.7,4.4,4,4.6,No,Upper-Middle,6.4,5.5,3.6,8.4,4.3,3.2,No,Medium,Yes
STU00132,25,Male,1,Medicine,Day Scholar,84.1,5.3,5.42,2.0,5.9,4.0,2,3.7,No,Upper-Middle,1.0,3.3,6.1,9.2,4.5,1.6,Yes,Medium,Yes
STU00133,20,Female,3,Business,PG/Rented,96.6,4.6,8.91,0.0,,1.7,2,7.1,No,Middle,3.9,7.8,5.3,6.8,8.4,5.3,No,Low,No
STU00134,25,Female,4,Science,Hostel,97.7,3.6,8.64,1.0,5.0,3.3,3,3.6,No,Lower-Middle,9.8,,3.9,7.6,5.1,3.5,Yes,Low,Yes
STU00135,19,Female,3,Science,Hostel,89.4,2.4,5.88,1.0,5.6,3.9,3,7.5,No,Middle,4.6,5.2,6.1,2.9,,5.6,Yes,Low,No
STU00136,23,Male,2,Engineering,Day Scholar,59.1,0.9,7.27,1.0,4.7,5.2,1,5.3,No,Low,5.3,5.3,4.5,3.1,1.6,4.1,Yes,High,Yes
STU00137,22,Male,1,Arts,Day Scholar,72.6,4.3,6.96,3.0,5.0,0.5,2,,No,Middle,9.2,8.7,5.6,8.8,3.3,5.7,No,High,Yes
STU00138,24,Male,1,Science,Hostel,73.9,7.6,8.46,2.0,3.5,7.1,1,3.7,No,Lower-Middle,5.7,6.3,6.4,4.4,10.0,,No,Low,No
STU00139,25,,1,Engineering,PG/Rented,68.1,3.4,7.34,0.0,7.5,7.1,3,7.6,No,High,5.8,1.1,6.7,0.9,9.0,2.2,Yes,Low,No
STU00140,21,Male,1,Medicine,Day Scholar,83.1,0.3,6.77,0.0,6.4,8.1,3,6.0,Yes,Middle,2.9,4.5,4.6,5.9,6.5,2.8,No,Medium,Yes
STU00141,17,Female,2,Arts,Day Scholar,,3.9,6.04,0.0,6.6,2.2,1,4.0,No,Middle,5.7,3.1,6.4,4.6,0.7,6.9,Yes,High,Yes
STU00142,19,Male,2,Engineering,PG/Rented,100.0,4.6,7.28,2.0,6.1,4.9,3,6.0,No,Upper-Middle,5.0,7.6,,5.2,2.7,5.3,No,Low,Yes
STU00143,24,Male,2,Arts,Day Scholar,95.9,1.7,6.31,2.0,6.3,7.6,1,5.9,No,Middle,7.1,3.9,7.4,0.0,2.6,4.0,No,Medium,Yes
STU00144,22,Female,1,Law,PG/Rented,85.2,2.2,7.11,2.0,8.6,7.8,2,4.3,Yes,Lower-Middle,7.9,5.2,6.1,0.0,2.6,3.5,Yes,High,Yes
STU00145,24,Male,2,Engineering,Day Scholar,77.1,2.0,6.69,0.0,5.0,8.8,3,5.9,No,Middle,5.1,10.0,6.7,5.7,4.7,5.7,Yes,High,No
STU00146,25,Female,4,Science,Hostel,96.4,2.3,6.28,1.0,6.6,5.7,3,7.3,,High,5.9,7.9,4.7,4.3,7.1,3.3,No,Low,No
STU00147,20,Female,1,Engineering,PG/Rented,88.3,2.9,5.44,1.0,6.6,5.4,3,6.0,No,Middle,0.7,3.9,10.0,4.0,4.2,,No,Medium,No
STU00148,17,Male,4,Science,Day Scholar,94.6,1.8,7.52,1.0,7.9,2.1,0,4.2,,Middle,0.0,8.3,5.4,5.9,4.8,4.1,Yes,Low,Yes
STU00149,17,Female,4,Science,PG/Rented,77.1,1.2,6.86,0.0,6.9,7.8,0,,No,High,7.5,4.9,7.7,3.3,4.9,7.1,No,Medium,Yes
STU00150,20,Female,1,Business,PG/Rented,100.0,3.5,9.3,1.0,6.9,4.5,5,4.8,No,Upper-Middle,0.0,8.3,4.5,4.4,,2.6,No,Low,No
STU00151,23,Female,3,Business,PG/Rented,95.5,2.9,5.35,3.0,4.3,5.6,0,7.2,No,Middle,5.8,5.6,6.2,4.0,7.4,4.2,No,Low,No
STU00152,18,Female,3,Science,Day Scholar,85.6,2.5,7.68,1.0,5.0,5.4,1,3.5,Yes,Upper-Middle,4.6,4.4,6.2,6.9,5.8,2.7,No,High,Yes
STU00153,19,Female,2,Business,PG/Rented,96.8,,6.68,1.0,4.4,0.5,0,5.8,No,High,7.8,4.2,6.6,0.9,,7.8,No,Low,No
STU00154,17,Female,2,Science,Day Scholar,71.7,0.8,9.74,1.0,2.5,3.7,3,1.9,Yes,High,4.9,7.1,3.8,,4.7,4.5,No,Medium,Yes
STU00155,21,Male,2,Engineering,Day Scholar,60.5,3.6,7.57,0.0,6.8,6.5,1,,No,High,9.1,8.5,6.3,7.4,9.2,2.5,No,Low,Yes
STU00156,17,Male,2,Medicine,PG/Rented,82.8,2.5,7.25,0.0,5.8,5.4,3,6.5,Yes,Middle,4.5,7.3,4.5,3.2,4.2,2.7,No,Medium,No
STU00157,24,Male,2,Science,Hostel,77.1,3.6,6.69,0.0,6.8,6.5,1,9.1,No,Lower-Middle,7.6,5.5,7.1,5.3,1.4,5.5,Yes,High,Yes
STU00158,17,Female,3,Medicine,Day Scholar,75.0,3.8,5.82,3.0,6.3,,7,6.9,No,Low,1.6,2.5,3.7,8.7,2.8,0.9,No,High,Yes
STU00159,17,Male,3,Engineering,PG/Rented,96.2,5.0,7.24,0.0,6.6,3.7,3,4.2,No,Lower-Middle,0.0,5.1,6.1,5.3,2.7,4.1,Yes,Low,No
STU00160,18,Female,2,Arts,Day Scholar,80.5,3.4,4.86,4.0,8.2,4.4,2,1.9,No,High,4.9,3.7,5.4,9.7,3.9,2.8,Yes,Medium,Yes
STU00161,18,Female,3,Arts,Day Scholar,82.0,4.9,4.93,1.0,6.2,5.2,1,6.0,No,Upper-Middle,1.8,9.5,9.2,,7.9,4.2,No,Low,No
STU00162,22,Female,1,,PG/Rented,73.1,2.7,8.22,0.0,7.2,7.2,2,4.3,Yes,Middle,4.9,5.6,7.7,3.6,4.6,4.7,No,Medium,Yes
STU00163,23,Other,1,Business,Day Scholar,91.2,2.8,4.33,1.0,5.7,5.0,2,5.7,No,Middle,4.0,7.2,8.2,2.2,2.7,4.3,Yes,Medium,Yes
STU00164,21,,4,Engineering,,88.5,3.1,6.35,0.0,7.4,1.6,4,3.6,No,Lower-Middle,6.4,5.7,4.0,3.7,2.4,4.0,No,Medium,Yes
STU00165,17,Female,2,Science,Hostel,91.1,4.4,5.33,0.0,4.3,5.1,1,4.7,Yes,Middle,2.6,7.4,4.7,,5.4,4.8,Yes,Low,No
STU00166,17,,1,,Hostel,,4.2,6.24,0.0,3.4,7.1,5,1.6,Yes,Upper-Middle,6.0,8.1,5.5,5.8,8.7,8.0,No,High,Yes
STU00167,19,Female,1,Engineering,Hostel,97.6,3.4,7.06,1.0,9.4,8.5,1,,Yes,Middle,7.0,10.0,7.8,6.5,6.0,7.0,Yes,Medium,Yes
STU00168,18,Male,1,Science,Day Scholar,100.0,1.2,8.18,0.0,9.0,,2,2.6,Yes,Lower-Middle,4.5,5.5,6.3,3.0,7.5,3.8,No,Low,No
STU00169,21,Male,4,Business,Day Scholar,90.6,,8.5,0.0,3.3,2.2,1,6.7,No,Middle,6.1,8.8,4.0,3.3,6.3,6.0,No,Low,Yes
STU00170,22,Female,3,Engineering,PG/Rented,65.9,1.8,5.51,0.0,6.1,4.6,2,3.3,Yes,Lower-Middle,2.7,7.1,4.1,6.2,2.3,5.9,No,High,Yes
STU00171,23,Female,4,Law,Day Scholar,66.0,1.7,6.15,0.0,6.4,6.5,2,7.8,No,High,4.1,5.2,7.9,9.4,6.8,3.7,No,High,Yes
STU00172,20,Male,3,Law,Day Scholar,72.4,1.4,10.0,1.0,7.3,7.4,0,3.4,Yes,Lower-Middle,1.9,5.4,6.3,2.6,3.1,4.4,No,Medium,Yes
STU00173,23,Female,2,Arts,Hostel,69.5,3.1,6.45,3.0,8.8,6.6,4,9.2,No,High,,7.5,5.6,4.8,4.6,,No,Medium,Yes
STU00174,24,Female,2,Engineering,,76.9,5.1,5.56,0.0,4.6,4.9,2,1.1,No,Lower-Middle,7.8,5.8,5.4,,4.0,3.0,No,High,Yes
STU00175,17,Female,3,Science,Day Scholar,87.5,1.7,5.8,2.0,4.7,7.4,3,5.8,No,Lower-Middle,8.8,,7.3,5.3,5.3,4.0,No,High,Yes
STU00176,22,Female,1,Business,Hostel,82.3,5.9,6.46,3.0,,4.1,0,5.1,Yes,Middle,7.8,8.0,3.4,2.4,5.0,4.1,No,Medium,No
STU00177,24,Female,4,Business,Hostel,81.0,4.7,6.25,0.0,4.8,5.9,2,2.6,No,Upper-Middle,3.5,,5.6,5.2,4.7,4.0,Yes,Low,No
STU00178,21,,4,Business,Hostel,74.4,0.9,6.47,2.0,2.1,7.1,1,3.9,Yes,Middle,1.5,6.6,5.7,7.7,4.9,3.9,Yes,High,Yes
STU00179,20,Female,2,Arts,Hostel,76.9,2.6,6.77,1.0,5.9,6.8,3,4.5,Yes,Lower-Middle,4.0,4.0,3.0,1.4,6.1,5.4,No,Medium,Yes
STU00180,18,Female,4,Arts,Day Scholar,89.9,1.5,6.76,2.0,7.5,6.8,1,5.5,Yes,Low,6.1,7.4,5.1,7.2,4.9,4.6,Yes,High,Yes
STU00181,22,Other,4,Business,Hostel,47.8,4.3,5.46,3.0,,6.8,7,3.1,No,Middle,4.3,5.4,10.0,2.4,5.1,5.8,No,High,Yes
STU00182,22,Female,3,Arts,Day Scholar,77.8,1.6,7.32,0.0,7.1,3.2,2,5.9,No,Low,,10.0,3.8,5.6,9.7,9.5,No,Low,No
STU00183,17,Male,1,Medicine,PG/Rented,82.3,0.6,6.97,1.0,6.9,5.5,0,5.2,No,Lower-Middle,6.7,5.4,5.8,6.1,7.7,3.4,No,Medium,No
STU00184,25,,2,Business,Day Scholar,89.8,2.7,7.5,0.0,4.7,3.5,3,6.6,No,Middle,1.3,6.5,1.3,5.8,4.5,4.9,Yes,Low,Yes
STU00185,22,Male,2,Science,PG/Rented,62.8,5.1,4.4,1.0,6.3,4.9,5,3.3,No,Low,4.0,7.9,5.2,4.3,5.7,5.5,No,Medium,Yes
STU00186,19,Male,1,Medicine,Day Scholar,62.1,2.9,7.02,0.0,3.9,2.9,1,4.2,No,Low,9.0,7.6,,6.5,5.6,6.7,No,High,No
STU00187,20,Female,1,Business,Day Scholar,86.8,3.8,4.02,0.0,5.4,6.3,1,7.9,No,Low,5.1,9.6,4.8,2.2,5.7,5.4,No,Medium,No
STU00188,20,Female,3,Business,PG/Rented,49.4,3.9,6.55,0.0,6.3,1.2,1,3.2,No,High,7.5,8.0,6.4,7.0,5.5,2.3,Yes,Low,No
STU00189,19,Female,1,Arts,Hostel,98.0,0.8,7.72,,6.2,6.9,2,2.2,Yes,Lower-Middle,5.8,10.0,3.2,,5.7,3.2,No,Low,No
STU00190,19,,3,Arts,PG/Rented,81.4,1.8,8.26,0.0,4.3,5.5,1,3.7,No,High,2.7,7.5,6.0,5.7,5.0,4.8,No,Low,Yes
STU00191,19,Female,4,Science,Hostel,100.0,3.2,7.27,2.0,4.6,9.7,4,1.4,No,Lower-Middle,6.7,9.4,3.9,4.2,4.2,3.1,No,Low,Yes
STU00192,20,Female,4,Business,Day Scholar,61.7,2.3,7.75,0.0,,5.0,2,8.3,No,Upper-Middle,4.9,5.5,2.8,8.4,,1.5,Yes,Low,No
STU00193,23,Female,1,Law,,71.5,5.9,6.38,0.0,7.4,5.0,3,4.4,No,Lower-Middle,1.6,10.0,7.5,6.0,1.9,2.9,No,Low,No
STU00194,20,Female,4,Engineering,Day Scholar,41.9,1.2,6.09,1.0,5.9,7.0,2,4.5,No,Middle,1.2,5.7,3.6,6.4,7.0,2.9,No,High,Yes
STU00195,25,Female,1,Engineering,Day Scholar,66.1,1.7,10.0,1.0,,5.2,0,,No,Upper-Middle,5.9,9.8,4.7,6.7,6.5,2.5,Yes,Low,No
STU00196,17,Male,1,Arts,Day Scholar,75.2,3.7,,0.0,7.6,6.1,1,3.5,Yes,Upper-Middle,9.9,8.5,4.4,4.5,9.7,,Yes,Medium,No
STU00197,24,Female,3,Business,Hostel,48.6,2.2,,2.0,5.0,7.7,5,4.6,No,Upper-Middle,2.5,6.6,5.9,5.6,3.0,5.1,Yes,High,Yes
STU00198,23,Male,2,Engineering,Hostel,72.1,0.0,4.37,0.0,8.8,4.9,4,3.5,No,Upper-Middle,2.8,9.8,5.6,5.4,4.7,4.7,Yes,Low,No
STU00199,18,Male,2,Business,Hostel,48.2,6.3,6.15,0.0,4.2,8.1,1,1.5,No,Lower-Middle,5.9,6.5,5.2,6.4,8.0,6.3,No,High,Yes
STU00200,24,Female,2,Engineering,,74.1,1.5,8.47,1.0,7.8,1.8,3,5.1,No,Middle,2.0,9.5,4.1,4.0,6.3,8.1,No,Low,Yes
STU00201,17,Male,1,Engineering,PG/Rented,95.2,4.1,6.87,0.0,7.0,9.0,2,7.1,Yes,Middle,10.0,7.3,5.0,3.4,8.9,5.3,Yes,Low,No
STU00202,25,Female,1,Law,Hostel,77.5,1.2,3.69,0.0,9.8,1.6,3,5.2,No,Upper-Middle,3.0,,6.1,7.6,8.6,6.5,No,Medium,No
STU00203,25,Male,2,Engineering,PG/Rented,100.0,,6.55,0.0,4.5,8.5,1,6.8,No,Lower-Middle,3.9,7.2,5.7,6.7,0.4,3.5,No,High,Yes
STU00204,18,Female,3,,PG/Rented,89.8,0.6,6.8,3.0,2.7,1.4,1,2.8,No,High,3.1,6.6,7.7,,6.0,2.7,Yes,Low,No
STU00205,23,Male,3,Science,Hostel,98.2,2.0,3.42,1.0,8.1,,1,3.5,No,Middle,7.1,5.5,7.0,9.2,6.1,6.3,No,High,Yes
STU00206,19,Other,1,Medicine,Day Scholar,66.5,2.2,6.83,1.0,4.0,5.9,1,2.4,Yes,Middle,10.0,7.0,7.7,3.7,5.5,6.3,Yes,High,Yes
STU00207,23,Female,2,Engineering,Hostel,66.2,3.0,5.38,0.0,7.1,3.4,2,,Yes,Lower-Middle,3.4,7.4,8.2,5.3,4.6,6.1,No,High,Yes
STU00208,25,Male,1,Medicine,Hostel,83.2,,4.23,0.0,8.0,9.6,2,4.4,,Middle,7.0,1.1,5.9,7.6,8.8,4.8,Yes,Medium,No
STU00209,20,Female,1,Arts,Hostel,54.3,0.9,9.05,0.0,6.8,3.1,0,4.3,No,Upper-Middle,2.0,7.6,7.2,7.6,5.4,2.9,No,High,Yes
STU00210,17,Other,3,Arts,Day Scholar,85.1,2.4,5.32,0.0,6.5,5.0,1,6.3,No,Middle,7.2,8.1,6.2,3.4,0.0,3.5,Yes,Medium,Yes
STU00211,18,Male,1,Arts,Day Scholar,73.1,5.5,5.87,1.0,6.8,11.2,0,4.1,No,High,9.0,9.7,8.2,6.1,4.6,6.8,No,High,Yes
STU00212,17,Male,1,Science,Day Scholar,97.9,5.3,5.85,1.0,7.5,6.4,2,7.2,Yes,Upper-Middle,8.3,3.8,2.0,4.3,9.8,3.3,No,Low,No
STU00213,21,Female,3,Business,Day Scholar,88.2,3.9,6.8,1.0,7.1,1.0,0,5.5,Yes,Middle,5.3,4.3,4.9,5.9,3.2,4.9,Yes,Medium,No
STU00214,21,Female,3,Science,Hostel,94.5,4.3,9.27,0.0,4.4,4.9,3,4.3,No,Upper-Middle,2.6,7.0,6.3,4.7,8.1,3.0,No,Low,No
STU00215,23,Female,3,Arts,Day Scholar,66.7,6.5,5.13,1.0,8.9,,2,1.9,No,Middle,5.0,4.9,6.6,4.1,7.7,4.1,Yes,Low,Yes
STU00216,25,Female,1,Science,PG/Rented,93.7,4.1,6.37,1.0,6.3,5.9,2,6.3,No,Middle,4.3,3.9,5.5,2.9,5.0,2.3,No,Low,No
STU00217,25,Male,1,Law,Hostel,99.7,4.2,6.97,2.0,7.0,5.4,4,5.6,No,Lower-Middle,4.0,5.6,2.2,7.6,5.9,4.4,No,Low,No
STU00218,19,Male,1,Engineering,Hostel,77.4,0.7,5.58,0.0,7.3,6.7,2,5.7,No,Lower-Middle,5.5,5.7,5.1,3.4,5.4,3.5,No,Medium,Yes
STU00219,19,Female,1,Law,Day Scholar,,1.4,6.35,1.0,7.9,2.1,1,5.7,Yes,Middle,,4.3,7.1,8.2,4.4,1.1,Yes,High,Yes
STU00220,19,Male,3,Engineering,Hostel,67.2,3.1,7.63,0.0,7.8,4.3,0,3.9,No,Upper-Middle,6.6,4.3,4.9,4.4,4.1,5.8,Yes,Medium,Yes
STU00221,20,Male,4,,Day Scholar,96.6,1.9,5.74,1.0,6.4,6.2,1,,Yes,Lower-Middle,6.6,6.2,,6.1,8.5,5.7,No,High,Yes
STU00222,24,Female,3,Engineering,Hostel,100.0,1.6,6.33,1.0,6.3,3.8,1,4.1,,Lower-Middle,4.9,3.3,9.3,8.4,5.1,4.6,Yes,High,Yes
STU00223,22,Female,3,Business,Hostel,63.3,1.8,6.2,0.0,6.8,7.9,2,7.5,No,Middle,6.0,3.3,5.1,4.1,3.9,2.3,No,High,Yes
STU00224,24,Female,2,Arts,Hostel,62.1,0.9,6.65,1.0,7.9,3.9,1,4.4,No,Low,8.0,6.7,5.2,6.0,6.7,2.3,Yes,High,No
STU00225,17,Female,3,Engineering,Hostel,91.8,1.9,7.14,0.0,4.5,5.8,4,3.8,Yes,Upper-Middle,3.8,9.8,5.9,6.1,6.4,9.2,No,Medium,No
STU00226,24,Female,2,Engineering,Day Scholar,66.7,3.7,7.62,0.0,7.2,5.3,1,7.6,No,Upper-Middle,5.0,8.1,6.0,,2.4,0.0,No,Low,No
STU00227,20,Female,2,Law,Day Scholar,93.3,6.1,,0.0,4.9,3.3,2,7.4,No,Lower-Middle,2.6,9.2,5.8,5.5,4.1,2.3,Yes,Low,No
STU00228,17,Female,2,Science,PG/Rented,85.0,4.5,3.08,0.0,9.0,5.6,0,5.5,,Upper-Middle,6.1,2.5,6.3,6.6,1.9,8.8,No,High,Yes
STU00229,24,Male,1,Science,PG/Rented,77.6,4.2,6.57,0.0,6.8,2.6,1,4.7,Yes,Middle,5.5,3.4,3.1,8.7,10.0,9.4,No,Medium,Yes
STU00230,20,Male,2,Medicine,Day Scholar,84.6,0.6,4.89,0.0,5.6,4.5,2,4.2,No,Middle,6.1,6.5,5.3,4.1,4.7,7.9,No,Medium,Yes
STU00231,22,Female,4,Science,PG/Rented,83.7,3.4,6.26,0.0,6.8,5.6,2,4.9,No,Lower-Middle,2.7,8.3,3.0,5.8,4.1,5.6,No,Medium,Yes
STU00232,24,Female,1,Engineering,Hostel,75.3,3.1,8.03,2.0,,2.4,5,3.3,No,Middle,6.8,7.9,5.6,4.7,4.4,3.2,Yes,Low,No
STU00233,20,Male,1,Business,Day Scholar,51.7,3.7,8.48,2.0,6.0,6.9,3,6.0,,Upper-Middle,5.2,3.5,6.7,5.4,,1.1,Yes,Medium,Yes
STU00234,19,Male,2,Science,Day Scholar,80.7,2.6,8.54,1.0,3.5,6.1,0,8.3,No,Lower-Middle,7.4,9.0,5.2,3.7,5.1,5.3,No,Low,No
STU00235,25,Male,3,Business,Hostel,100.0,5.9,8.53,1.0,4.7,6.7,1,6.1,Yes,Lower-Middle,4.0,6.3,3.6,4.6,8.1,3.0,No,Low,No
STU00236,19,Male,3,Science,Day Scholar,53.9,3.3,6.56,0.0,6.0,5.5,0,2.8,No,,6.6,,4.6,8.3,,7.4,No,High,Yes
STU00237,25,Female,3,Engineering,Hostel,63.5,3.4,8.76,1.0,3.7,3.0,2,5.9,No,Lower-Middle,6.0,5.2,9.1,5.3,2.6,0.8,Yes,High,Yes
STU00238,18,,1,Business,Day Scholar,84.4,0.1,9.04,0.0,5.3,5.5,2,5.4,No,Lower-Middle,8.5,3.1,8.4,5.2,3.1,4.9,No,High,Yes
STU00239,18,Female,3,Arts,PG/Rented,78.6,3.0,6.99,1.0,5.5,6.9,5,5.9,No,Lower-Middle,4.7,8.4,4.4,3.1,5.9,,No,Low,No
STU00240,18,Female,2,Arts,PG/Rented,84.2,5.0,8.45,2.0,5.0,2.9,2,3.4,No,High,3.7,7.5,4.4,7.4,3.8,6.5,Yes,Low,No
STU00241,22,Female,4,Arts,Day Scholar,67.5,4.1,6.86,0.0,,3.1,2,5.0,Yes,Upper-Middle,3.9,3.8,5.3,6.9,5.1,6.2,No,Medium,Yes
STU00242,19,Female,3,Science,Day Scholar,95.4,0.0,8.77,1.0,4.9,5.0,3,6.8,No,Lower-Middle,,,8.0,5.3,10.0,5.2,No,Low,No
STU00243,25,Male,1,Engineering,Day Scholar,78.7,2.5,6.57,1.0,6.3,4.7,5,2.9,Yes,Upper-Middle,3.8,8.0,2.0,9.2,3.4,4.8,No,Medium,No
STU00244,20,Female,1,Engineering,Day Scholar,88.5,6.0,5.95,1.0,5.7,5.5,5,4.1,No,Low,0.0,7.0,4.4,3.8,2.5,6.3,No,Low,No
STU00245,17,Male,1,Medicine,Hostel,82.8,3.0,5.23,1.0,6.0,4.9,2,4.4,Yes,Middle,8.1,7.6,6.3,2.7,3.9,5.2,No,High,Yes
STU00246,20,Male,2,Science,Day Scholar,,3.7,6.56,1.0,8.6,5.9,1,7.0,No,Lower-Middle,9.4,5.3,6.1,4.8,1.7,5.2,Yes,Medium,Yes
STU00247,17,Female,1,Engineering,Day Scholar,87.4,5.8,6.92,,6.5,8.2,0,7.3,No,Low,4.7,9.6,4.6,3.1,8.2,4.6,No,Low,Yes
STU00248,21,Male,3,Medicine,PG/Rented,80.8,3.0,5.48,0.0,6.8,6.7,1,1.2,Yes,,6.0,6.3,5.0,5.5,3.1,3.7,Yes,High,Yes
STU00249,20,Male,2,Engineering,Day Scholar,60.1,4.5,6.45,0.0,5.1,5.6,1,7.0,No,Lower-Middle,5.4,1.3,6.2,5.2,3.5,1.8,No,High,Yes
STU00250,24,Female,1,Business,Day Scholar,94.3,3.9,6.06,0.0,7.1,3.1,1,7.4,No,Upper-Middle,2.0,6.7,4.7,,,2.1,No,Low,No
STU00251,24,Male,1,Engineering,Day Scholar,90.3,4.2,5.29,1.0,7.1,3.9,2,7.2,No,Middle,7.4,,3.4,4.0,1.9,3.7,No,Medium,Yes
STU00252,23,Female,1,Science,Day Scholar,46.4,3.8,8.25,2.0,6.9,7.4,2,3.9,No,Low,7.7,7.2,5.1,5.7,5.4,4.3,Yes,High,Yes
STU00253,19,Male,4,Science,Day Scholar,68.2,2.3,8.5,0.0,4.4,,1,4.5,No,Upper-Middle,2.6,5.6,5.9,5.4,3.9,2.6,No,Low,Yes
STU00254,17,Female,1,Engineering,Hostel,93.6,2.5,8.24,0.0,5.3,3.4,1,1.9,No,Middle,5.8,2.2,,6.8,1.7,,Yes,Low,Yes
STU00255,17,Female,3,Medicine,Day Scholar,50.6,1.8,6.68,1.0,8.4,10.1,1,0.8,No,Lower-Middle,4.4,5.1,6.3,2.5,4.7,3.8,Yes,Medium,Yes
STU00256,19,Female,4,Business,PG/Rented,92.2,0.6,6.77,0.0,5.2,8.9,2,4.3,Yes,Lower-Middle,,5.3,7.4,3.0,6.3,6.3,No,High,Yes
STU00257,22,Female,3,Business,Day Scholar,75.9,5.2,5.31,1.0,8.6,5.2,2,5.2,No,Low,4.8,5.0,4.8,3.7,4.6,0.3,No,Low,No
STU00258,23,Male,4,Engineering,Hostel,98.1,3.2,7.38,1.0,5.4,3.1,1,5.4,No,High,4.9,7.8,4.8,2.6,6.8,,No,Low,No
STU00259,22,,2,Engineering,Day Scholar,78.0,5.1,7.04,1.0,6.4,7.1,3,6.6,Yes,Middle,,5.8,4.0,6.3,9.1,4.8,No,Medium,No
STU00260,22,Male,4,Engineering,PG/Rented,67.2,5.7,10.0,2.0,5.9,4.4,2,10.0,No,Low,2.0,9.5,5.2,,7.2,7.1,No,Low,Yes
STU00261,22,Female,1,Arts,Hostel,82.6,3.3,8.32,0.0,4.9,7.5,1,4.2,No,Upper-Middle,5.6,6.0,4.4,7.4,6.0,8.8,Yes,Medium,No
STU00262,19,Male,1,Medicine,PG/Rented,77.5,1.1,7.24,0.0,5.0,4.4,1,2.9,Yes,Lower-Middle,,9.2,8.4,4.7,7.2,3.8,No,High,Yes
STU00263,22,Female,3,Arts,PG/Rented,65.8,2.9,6.74,2.0,5.1,9.1,1,6.1,Yes,Lower-Middle,3.6,7.0,5.7,4.0,10.0,3.8,No,High,Yes
STU00264,24,Male,4,Engineering,Day Scholar,100.0,2.1,8.2,1.0,6.4,4.4,3,5.4,Yes,Lower-Middle,9.7,7.1,1.2,2.9,2.5,4.2,No,Medium,Yes
STU00265,18,Female,4,Engineering,PG/Rented,63.4,0.0,5.52,0.0,7.5,10.7,1,3.9,No,Middle,5.8,5.0,6.6,7.9,6.8,5.0,No,High,Yes
STU00266,21,Female,1,Engineering,PG/Rented,44.4,2.4,8.4,2.0,6.3,5.9,5,6.8,No,Low,6.5,3.5,8.9,4.5,3.4,,Yes,High,Yes
STU00267,17,Female,1,Business,PG/Rented,100.0,3.1,5.28,4.0,6.1,8.5,1,3.4,No,Middle,6.9,6.3,6.5,3.4,6.0,4.7,No,High,Yes
STU00268,17,Male,4,Science,Day Scholar,69.2,2.2,6.01,0.0,8.0,4.3,3,4.7,Yes,Upper-Middle,4.3,10.0,7.9,6.7,2.7,1.8,No,Medium,Yes
STU00269,21,Female,1,Engineering,Hostel,73.5,2.0,4.23,1.0,6.3,2.6,5,4.9,No,Lower-Middle,7.9,5.5,6.9,4.3,7.1,1.2,Yes,Low,No
STU00270,19,Male,3,Science,Hostel,,1.2,7.66,1.0,5.4,0.5,1,3.1,No,Lower-Middle,7.4,,7.5,2.7,6.1,5.9,No,Medium,Yes
STU00271,20,Male,4,Medicine,Day Scholar,69.5,3.5,7.15,1.0,4.7,8.3,0,1.6,No,Lower-Middle,4.7,6.1,7.4,3.1,8.6,,No,High,Yes
STU00272,19,Male,2,Business,Hostel,66.5,6.2,6.01,0.0,8.1,5.6,3,,No,Middle,7.2,10.0,7.4,5.2,,6.2,No,Medium,Yes
STU00273,17,Male,2,Science,Day Scholar,63.0,5.2,5.5,0.0,5.7,2.8,2,7.7,No,High,7.9,8.2,6.1,2.6,4.9,4.9,No,Low,Yes
STU00274,17,Female,2,Arts,PG/Rented,79.0,,8.73,2.0,5.3,8.4,0,6.9,,Lower-Middle,6.8,9.2,,4.8,4.9,1.6,No,Low,Yes
STU00275,21,Female,1,Arts,PG/Rented,72.0,4.3,6.61,3.0,5.2,8.0,0,7.1,No,Low,3.1,2.1,3.3,3.1,10.0,7.6,Yes,Medium,Yes
STU00276,22,Male,4,Arts,Day Scholar,89.0,3.0,5.73,2.0,8.0,8.5,2,3.4,No,Lower-Middle,4.8,4.7,3.4,2.9,6.8,4.6,Yes,Low,No
STU00277,19,Male,2,Business,PG/Rented,85.2,0.3,9.49,3.0,5.3,2.6,1,,Yes,Lower-Middle,6.1,4.8,0.4,3.9,8.3,3.0,No,Low,No
STU00278,25,Male,4,Engineering,PG/Rented,,2.6,5.88,0.0,7.7,8.2,2,2.2,No,Middle,,9.0,4.6,5.4,7.0,,Yes,Low,No
STU00279,21,Male,1,Business,Day Scholar,79.6,1.6,8.39,0.0,5.9,6.3,2,5.3,No,Low,3.3,8.0,,5.7,7.4,,Yes,Medium,No
STU00280,24,Other,4,Business,Hostel,71.7,3.4,5.19,0.0,4.4,8.6,2,7.8,Yes,Lower-Middle,4.3,8.8,2.6,7.0,2.4,5.2,No,High,Yes
STU00281,17,Male,2,Arts,Day Scholar,63.1,5.2,6.3,1.0,5.7,6.7,3,7.8,No,Middle,5.8,2.4,7.0,3.3,4.3,4.3,No,High,Yes
STU00282,21,Male,1,Engineering,Day Scholar,88.3,6.4,7.5,1.0,6.2,5.9,2,9.1,No,Lower-Middle,1.5,8.9,6.6,8.1,,8.5,No,Low,No
STU00283,19,Male,1,Medicine,,76.2,3.3,6.72,1.0,6.0,8.3,1,7.0,Yes,Middle,5.0,8.0,6.0,10.0,5.6,5.5,Yes,Medium,Yes
STU00284,17,Female,3,Science,Day Scholar,71.9,0.5,7.14,0.0,6.0,7.4,2,6.0,No,Low,6.6,4.5,7.9,4.1,5.3,8.4,No,High,Yes
STU00285,20,Other,3,Business,Hostel,65.2,3.3,6.05,0.0,5.7,7.9,2,6.7,No,High,5.7,6.1,,1.1,2.1,2.6,No,Medium,Yes
STU00286,21,Female,4,Engineering,Day Scholar,62.6,3.3,4.56,1.0,5.0,4.4,2,6.4,,Lower-Middle,3.0,4.5,8.5,1.2,5.6,3.8,No,High,Yes
STU00287,23,Female,1,Medicine,PG/Rented,100.0,,,1.0,6.2,5.1,4,,Yes,High,3.4,6.3,5.1,3.9,,6.3,No,Medium,Yes
STU00288,17,Female,1,Science,Day Scholar,83.0,3.2,6.13,6.0,7.0,1.7,4,2.0,No,Lower-Middle,8.4,7.5,6.2,3.5,7.1,,Yes,Medium,No
STU00289,19,Male,2,Science,PG/Rented,61.6,3.3,7.2,0.0,4.0,4.3,0,6.8,Yes,Upper-Middle,2.8,9.6,,5.0,5.7,4.5,No,Medium,Yes
STU00290,18,Female,2,Engineering,PG/Rented,82.3,2.2,,0.0,8.1,7.2,3,9.2,No,Lower-Middle,7.7,4.4,3.7,6.1,8.1,2.3,No,Medium,Yes
STU00291,25,Female,2,Business,PG/Rented,93.9,2.7,7.23,0.0,2.0,6.7,1,6.8,Yes,Middle,3.6,5.5,2.8,2.2,5.9,0.1,No,Low,Yes
STU00292,22,Female,4,,PG/Rented,80.5,4.0,5.81,1.0,6.3,3.3,3,1.2,No,Lower-Middle,7.6,4.1,6.7,4.6,4.5,4.1,No,Medium,Yes
STU00293,19,Female,4,Engineering,PG/Rented,98.6,0.0,8.42,2.0,6.9,,3,4.0,Yes,Middle,6.2,8.2,8.2,3.9,2.2,4.1,Yes,Medium,No
STU00294,24,Female,4,Science,Day Scholar,,2.7,7.52,2.0,5.3,12.0,2,,Yes,Middle,4.2,3.0,6.0,9.5,4.7,4.8,No,High,Yes
STU00295,24,Female,3,Science,Hostel,48.1,4.3,7.08,1.0,3.0,3.5,2,1.3,Yes,Middle,0.9,6.9,6.5,2.0,3.8,1.6,Yes,Medium,No
STU00296,18,Other,2,Arts,,81.9,5.8,7.05,1.0,6.1,5.0,1,2.2,No,Middle,5.9,3.8,,3.3,6.3,2.7,Yes,Low,No
STU00297,22,,2,Medicine,Day Scholar,82.1,2.6,9.16,2.0,6.5,4.1,2,4.9,No,Low,5.4,6.6,6.3,5.1,4.6,5.3,No,High,Yes
STU00298,23,Female,2,Arts,Hostel,30.0,5.1,5.78,0.0,4.5,5.3,0,5.5,Yes,Lower-Middle,6.0,9.0,1.3,3.3,,5.7,No,Medium,Yes
STU00299,18,,4,Business,Hostel,68.6,5.9,7.38,2.0,5.0,6.1,1,3.0,No,Middle,6.2,5.4,,,8.3,4.9,Yes,Low,Yes
STU00300,18,Male,1,Business,PG/Rented,62.9,2.6,6.06,1.0,7.6,4.0,2,2.2,Yes,Low,,7.0,8.2,2.8,2.5,3.8,No,High,Yes
STU00301,17,Female,2,Law,PG/Rented,57.1,2.3,4.09,1.0,6.4,4.9,1,7.4,No,Lower-Middle,5.9,4.5,5.5,3.0,5.5,2.1,No,High,Yes
STU00302,24,Male,1,Engineering,PG/Rented,62.8,2.9,4.05,1.0,3.9,5.7,2,4.2,Yes,Lower-Middle,6.7,6.3,5.7,7.7,5.4,6.4,No,High,Yes
STU00303,17,Female,2,Law,Day Scholar,86.9,3.1,5.38,3.0,6.9,6.5,2,4.5,No,Lower-Middle,6.7,3.1,6.6,2.4,6.2,6.0,Yes,High,Yes
STU00304,25,Other,4,Science,Hostel,62.7,4.9,5.88,2.0,4.8,8.7,1,3.9,No,Middle,2.1,8.1,7.1,6.8,6.9,3.4,No,High,No
STU00305,22,Female,3,Engineering,Hostel,63.3,2.0,9.84,1.0,5.0,5.5,0,3.5,No,,7.7,5.6,5.0,4.0,8.8,6.2,Yes,Low,Yes
STU00306,23,Male,1,Arts,Hostel,53.7,5.7,7.78,0.0,6.5,4.3,2,7.6,No,High,6.0,6.0,6.1,3.6,3.2,4.4,No,Low,Yes
STU00307,23,Male,4,Medicine,Hostel,97.0,1.9,7.9,0.0,6.4,7.0,3,3.2,Yes,Lower-Middle,6.3,6.7,5.4,3.9,,3.1,No,High,Yes
STU00308,19,Male,3,Arts,Hostel,84.5,1.2,5.91,1.0,5.6,6.4,3,5.4,No,High,2.9,2.2,2.4,2.5,5.9,6.4,No,Low,No
STU00309,18,Female,1,Medicine,PG/Rented,40.6,4.0,,1.0,5.4,5.1,1,5.0,Yes,Middle,6.7,,4.8,7.0,,4.7,Yes,High,Yes
STU00310,25,Male,1,Law,Day Scholar,63.3,5.2,10.0,0.0,5.8,,2,1.1,No,High,1.0,6.8,6.3,5.3,7.0,3.6,No,Low,No
STU00311,24,,1,Business,Hostel,85.9,3.5,5.1,0.0,5.0,4.7,3,5.5,Yes,Upper-Middle,3.0,6.1,4.7,,3.9,1.9,Yes,Medium,No
STU00312,23,Male,1,Business,Hostel,97.2,3.9,7.44,2.0,7.8,4.3,1,1.9,Yes,Middle,,10.0,4.7,7.6,2.2,2.1,No,Low,No
STU00313,25,Female,4,Law,Day Scholar,90.6,6.3,9.06,2.0,3.8,1.3,2,6.3,Yes,Lower-Middle,6.6,9.3,,6.2,8.1,6.2,No,Low,Yes
STU00314,20,Female,2,Science,Hostel,72.7,5.2,8.15,2.0,5.8,4.8,1,2.6,No,Lower-Middle,,6.8,5.8,1.8,6.6,5.4,No,Low,Yes
STU00315,20,Male,4,Engineering,PG/Rented,49.0,3.2,9.32,0.0,4.0,1.6,4,6.0,No,Lower-Middle,7.2,4.3,6.2,,4.7,2.2,Yes,Medium,Yes
STU00316,17,Male,2,Engineering,Day Scholar,91.1,2.5,7.1,2.0,7.6,4.1,2,4.1,No,High,7.3,5.4,2.3,6.9,1.0,2.1,Yes,Low,Yes
STU00317,24,Female,1,Arts,Day Scholar,73.5,5.0,,1.0,5.8,6.8,5,3.7,Yes,High,6.7,7.9,6.4,5.1,4.1,8.7,No,Medium,Yes
STU00318,19,Female,2,Law,,79.0,4.5,6.95,2.0,4.6,2.2,2,5.4,No,Upper-Middle,4.5,6.7,3.3,6.4,7.0,5.4,No,Low,No
STU00319,23,Female,1,Medicine,Hostel,75.3,3.9,,1.0,7.2,5.1,4,,No,Upper-Middle,3.0,9.3,5.5,4.8,6.4,6.9,No,Low,Yes
STU00320,18,Male,2,Science,Day Scholar,57.7,2.7,5.52,0.0,2.8,5.6,3,4.9,No,High,,6.7,3.4,4.1,2.6,7.5,Yes,Medium,Yes
STU00321,18,Female,4,Engineering,Day Scholar,83.5,3.1,7.91,2.0,6.6,5.0,0,6.6,Yes,Middle,8.2,6.8,7.4,6.4,6.8,2.6,Yes,Medium,No
STU00322,23,Female,2,Engineering,Day Scholar,81.4,3.0,7.21,1.0,7.9,4.4,3,7.1,No,Middle,2.1,10.0,9.2,1.2,5.3,8.0,No,Medium,Yes
STU00323,22,,3,Medicine,Hostel,71.6,2.7,6.89,0.0,6.5,6.2,1,4.1,No,Middle,6.1,4.1,5.2,4.3,,2.3,No,Medium,No
STU00324,19,Female,1,Engineering,Day Scholar,85.1,2.2,9.24,0.0,5.4,6.5,3,4.4,No,Middle,6.1,10.0,5.2,5.1,4.0,6.0,Yes,Low,No
STU00325,25,Male,1,Engineering,Day Scholar,57.4,3.6,6.43,0.0,4.3,5.5,2,2.0,Yes,Low,8.4,8.2,7.6,5.5,4.2,,No,High,Yes
STU00326,22,Male,1,Engineering,PG/Rented,74.0,2.2,8.49,1.0,7.8,4.6,1,3.5,Yes,Middle,6.1,10.0,6.6,2.2,5.7,5.9,No,Medium,No
STU00327,22,Female,3,Science,Hostel,78.4,3.5,8.63,1.0,7.6,7.4,0,1.9,Yes,Middle,4.0,5.0,5.4,2.2,4.6,4.1,No,Medium,Yes
STU00328,17,Female,1,Law,Hostel,52.0,0.0,8.0,2.0,5.2,2.6,1,5.9,No,Middle,4.1,10.0,,4.1,3.7,5.6,Yes,Medium,Yes
STU00329,20,Female,2,Engineering,Day Scholar,77.1,2.2,5.45,0.0,5.3,7.0,1,6.7,No,Upper-Middle,5.0,6.8,,4.9,,7.2,No,Medium,No
STU00330,22,Female,2,Business,Day Scholar,89.0,,7.3,0.0,8.0,6.4,4,4.1,No,Lower-Middle,7.6,6.1,4.2,8.4,8.5,6.7,No,Low,No
STU00331,22,Female,2,Arts,Day Scholar,73.5,1.8,9.54,0.0,7.0,5.9,1,2.9,No,Low,6.9,7.2,4.3,3.1,3.5,4.4,No,High,Yes
STU00332,21,Female,1,Law,Day Scholar,77.5,4.1,4.25,2.0,3.5,5.5,2,5.6,No,Upper-Middle,2.5,6.8,7.1,3.9,6.0,2.6,No,Low,No
STU00333,17,Male,1,Engineering,Day Scholar,,1.9,6.54,1.0,5.9,1.3,3,3.3,No,Middle,5.6,4.8,9.7,8.5,2.3,3.9,No,High,Yes
STU00334,24,Female,4,Business,PG/Rented,72.2,4.4,8.43,2.0,5.9,8.6,3,6.3,No,Lower-Middle,6.9,6.2,5.9,7.3,9.1,5.4,No,Low,No
STU00335,21,Male,3,Business,Day Scholar,73.5,2.7,6.64,1.0,6.6,7.3,1,8.9,No,Middle,,7.2,2.1,2.5,7.1,5.8,No,Medium,Yes
STU00336,21,Male,2,Medicine,PG/Rented,60.3,2.7,7.93,0.0,6.2,3.4,2,3.2,No,Middle,0.0,5.6,6.3,6.5,7.6,6.6,No,Medium,Yes
STU00337,23,Other,1,Business,Day Scholar,77.8,3.3,8.77,2.0,5.4,7.2,4,3.5,No,High,4.5,7.7,4.5,6.8,5.0,3.0,No,Low,No
STU00338,20,Male,4,Engineering,PG/Rented,73.0,1.1,7.12,1.0,6.5,5.9,5,2.1,No,Middle,1.6,5.8,6.5,5.4,8.0,2.6,No,Low,Yes
STU00339,22,Male,3,Arts,PG/Rented,85.5,,7.51,4.0,5.5,,1,5.3,No,Lower-Middle,1.2,7.5,2.8,2.4,8.0,2.5,Yes,Low,No
STU00340,20,Male,2,Science,Hostel,86.5,5.3,6.93,0.0,10.0,8.1,2,5.2,No,Middle,,7.2,2.5,3.7,5.2,,Yes,Low,No
STU00341,19,Female,4,Engineering,PG/Rented,89.9,2.6,7.22,1.0,6.4,4.6,3,4.5,Yes,Upper-Middle,10.0,7.5,4.9,3.6,3.1,,No,High,Yes
STU00342,23,Male,1,Medicine,Hostel,70.4,4.0,9.74,0.0,6.2,8.5,2,5.0,No,Middle,8.1,3.5,8.8,6.2,6.4,5.2,No,High,No
STU00343,24,Male,2,Engineering,PG/Rented,45.4,4.4,6.71,1.0,9.0,6.7,2,2.9,Yes,Upper-Middle,0.0,8.9,2.8,4.1,5.2,1.7,No,Low,No
STU00344,20,Male,3,Arts,Day Scholar,89.1,3.1,6.31,4.0,,7.6,3,1.7,Yes,Lower-Middle,4.6,4.6,4.9,4.4,9.4,2.6,Yes,Medium,Yes
STU00345,18,Male,1,Business,Hostel,84.5,1.4,8.26,2.0,6.0,6.8,2,3.5,No,Upper-Middle,3.6,6.1,2.6,3.7,5.6,3.1,No,Low,No
STU00346,19,Male,4,Science,Day Scholar,68.5,5.8,5.62,2.0,4.8,6.7,0,,No,Upper-Middle,1.6,5.1,6.1,1.6,5.7,8.0,Yes,Low,No
STU00347,17,Male,3,Business,PG/Rented,86.3,2.6,5.94,0.0,7.2,6.0,4,3.2,No,Upper-Middle,6.1,6.7,5.9,10.0,7.2,3.7,No,Low,Yes
STU00348,24,Female,2,Medicine,Hostel,56.3,2.2,5.95,1.0,5.5,3.9,1,5.6,No,Lower-Middle,4.6,6.3,2.7,5.9,5.5,1.5,Yes,Low,Yes
STU00349,19,Male,1,Science,Day Scholar,93.5,5.8,6.44,2.0,7.1,5.6,0,5.1,Yes,Upper-Middle,2.3,7.9,8.1,8.2,7.0,5.3,No,Medium,No
STU00350,23,Male,1,Arts,Day Scholar,73.0,4.2,,1.0,7.0,7.5,3,1.5,Yes,Middle,0.3,6.6,1.7,2.5,4.4,4.3,No,Low,No
STU00351,21,Male,2,Science,PG/Rented,65.6,3.6,7.78,1.0,7.4,7.1,3,7.1,No,Upper-Middle,3.6,5.6,8.7,8.3,3.2,2.2,No,High,Yes
STU00352,21,Male,3,Science,Day Scholar,68.7,1.6,6.32,1.0,7.0,6.6,2,4.6,No,Lower-Middle,5.0,2.5,8.2,4.1,3.6,3.6,Yes,High,Yes
STU00353,23,,1,Engineering,Hostel,74.5,4.5,7.84,0.0,5.9,0.9,3,2.4,Yes,Low,4.7,8.4,6.1,6.2,4.8,3.8,Yes,Medium,Yes
STU00354,25,Female,2,Business,Hostel,77.8,7.8,8.01,0.0,4.1,5.0,1,4.3,No,Lower-Middle,7.4,7.6,7.3,7.2,5.7,4.3,No,Medium,No
STU00355,21,Male,3,Law,Day Scholar,78.7,4.6,5.89,0.0,7.7,4.8,1,3.8,No,Middle,5.8,8.5,5.1,8.3,6.5,6.4,No,Low,No
STU00356,17,Male,1,Engineering,Day Scholar,71.6,4.0,7.98,1.0,8.3,3.1,2,3.3,No,Middle,4.2,6.1,2.4,4.9,6.5,5.6,Yes,Low,No
STU00357,17,Male,3,Science,PG/Rented,81.0,4.4,8.11,2.0,,7.5,3,6.6,No,Middle,,7.3,6.0,2.8,5.5,4.8,No,Low,No
STU00358,18,Female,1,Law,Hostel,78.1,2.7,4.33,2.0,7.3,1.0,4,2.8,No,Middle,0.9,5.1,2.4,5.0,3.3,6.5,No,Low,Yes
STU00359,22,Female,4,Engineering,,68.3,2.7,7.21,0.0,4.4,,2,5.4,No,Upper-Middle,2.5,4.9,5.5,6.3,7.0,3.7,No,Medium,Yes
STU00360,25,Female,2,Science,Hostel,66.0,2.6,6.09,3.0,6.5,8.4,4,2.3,No,Lower-Middle,8.1,5.9,3.0,,2.3,3.0,Yes,High,Yes
STU00361,24,Male,1,Business,Hostel,,2.3,8.62,0.0,6.8,5.0,1,4.9,Yes,Lower-Middle,7.0,8.5,,4.1,3.0,5.1,Yes,Medium,Yes
STU00362,21,Female,2,Arts,Day Scholar,,2.6,6.08,0.0,5.6,5.3,0,5.5,No,Upper-Middle,5.7,5.9,6.3,1.6,5.6,5.0,No,Low,Yes
STU00363,17,Male,2,Engineering,Day Scholar,78.9,2.6,4.92,2.0,6.3,7.6,3,5.5,No,Middle,3.9,6.4,6.9,2.8,7.2,1.5,No,High,Yes
STU00364,23,Male,3,Engineering,Day Scholar,91.9,2.8,6.76,1.0,,3.8,6,5.2,Yes,Middle,7.9,7.0,6.2,6.0,,7.5,No,Medium,Yes
STU00365,21,Male,3,,PG/Rented,48.6,2.8,5.54,1.0,6.0,7.0,3,4.5,Yes,Middle,2.7,6.6,9.3,6.9,5.3,2.5,No,High,Yes
STU00366,22,Male,3,,Day Scholar,69.5,3.6,7.99,2.0,5.2,3.5,3,,No,Middle,2.7,8.7,7.5,7.4,6.4,5.6,Yes,Low,Yes
STU00367,23,Female,1,Science,PG/Rented,60.7,3.3,5.67,1.0,4.4,2.8,3,2.9,No,Lower-Middle,4.8,4.9,8.9,10.0,3.3,5.6,Yes,High,Yes
STU00368,19,Female,1,Arts,PG/Rented,100.0,3.5,6.78,0.0,5.6,,4,5.6,No,Middle,0.0,6.7,3.7,8.3,4.3,0.0,Yes,Low,Yes
STU00369,19,Male,1,Engineering,Day Scholar,88.7,5.6,8.96,1.0,4.4,5.4,2,2.5,Yes,High,2.6,7.5,4.4,4.7,,5.0,No,Low,No
STU00370,21,Female,3,Science,PG/Rented,76.8,3.3,8.34,3.0,5.6,1.7,1,2.0,No,Middle,4.5,,0.7,2.9,3.5,7.8,No,Low,No
STU00371,22,Other,4,Engineering,Day Scholar,89.8,6.7,7.47,0.0,5.5,8.6,5,7.9,No,Low,3.9,7.1,4.7,4.4,4.7,3.1,Yes,Low,No
STU00372,25,Female,2,Medicine,Hostel,,3.8,6.62,1.0,7.4,4.6,3,4.5,Yes,Upper-Middle,2.7,9.5,5.4,3.8,5.1,0.7,Yes,Low,No
STU00373,21,Female,1,Medicine,Day Scholar,94.6,2.5,7.34,2.0,6.3,6.6,3,6.3,No,Lower-Middle,9.7,5.7,6.4,5.4,4.5,4.3,No,Medium,No
STU00374,17,Female,2,Science,Hostel,91.8,5.4,7.76,1.0,10.0,9.0,0,6.7,Yes,Lower-Middle,,4.1,4.4,7.0,5.0,5.4,No,Medium,Yes
STU00375,20,Other,4,Law,Day Scholar,74.1,3.1,5.42,0.0,3.2,,0,5.1,Yes,Upper-Middle,8.9,7.5,7.0,6.1,0.0,4.3,No,High,Yes
STU00376,21,Female,3,Engineering,Day Scholar,,0.0,7.99,4.0,6.7,8.3,2,4.2,,Lower-Middle,4.8,6.9,6.8,8.5,6.3,2.6,No,High,Yes
STU00377,21,Male,4,Science,Hostel,63.6,,5.26,0.0,5.5,3.6,2,4.3,No,High,3.9,9.8,4.6,5.9,4.6,2.4,No,Low,Yes
STU00378,23,Male,1,Business,Hostel,85.5,2.8,7.6,0.0,4.8,8.6,2,8.2,Yes,Middle,8.7,7.5,,,4.6,1.3,Yes,Low,Yes
STU00379,20,Female,1,Medicine,PG/Rented,75.6,5.8,5.25,1.0,6.2,3.7,0,3.9,No,Upper-Middle,5.2,4.4,5.6,3.7,2.6,0.8,Yes,Low,No
STU00380,17,Male,4,Engineering,Day Scholar,71.7,1.8,9.55,,6.0,4.2,0,5.4,Yes,Middle,2.6,4.3,5.7,5.9,8.8,3.8,Yes,Medium,Yes
STU00381,21,Female,3,,Hostel,,2.7,7.87,1.0,,2.3,2,6.4,Yes,Lower-Middle,2.7,8.4,4.3,5.5,8.9,5.3,Yes,Low,No
STU00382,23,Male,2,,Day Scholar,99.8,5.2,4.62,0.0,6.3,6.1,0,5.5,No,Middle,4.3,7.3,5.0,7.9,2.0,4.8,No,Medium,No
STU00383,22,Male,3,Engineering,Day Scholar,92.3,3.8,6.8,0.0,5.2,6.9,0,7.2,No,High,4.9,6.4,2.7,5.0,5.0,5.0,No,Low,No
STU00384,21,Male,4,Business,Day Scholar,100.0,2.9,6.07,1.0,6.7,7.2,5,4.2,Yes,Upper-Middle,5.2,6.9,6.9,,7.4,5.8,Yes,Low,Yes
STU00385,20,Male,3,Science,PG/Rented,85.9,2.0,5.9,1.0,5.9,2.4,1,6.3,No,Middle,4.6,7.5,6.9,1.5,4.7,7.1,No,Medium,Yes
STU00386,18,Female,3,Business,Day Scholar,78.9,3.8,7.01,0.0,4.5,6.3,2,1.4,Yes,High,10.0,7.3,5.6,3.2,4.2,4.6,Yes,Medium,No
STU00387,20,Female,2,Engineering,Hostel,77.6,3.2,5.5,2.0,5.8,6.4,1,7.7,No,Lower-Middle,1.9,3.2,,5.7,4.1,5.2,No,Medium,No
STU00388,19,Female,2,Engineering,PG/Rented,62.7,2.0,7.87,1.0,6.5,6.9,0,7.2,,Low,6.5,9.2,5.8,5.5,6.2,5.2,No,Medium,Yes
STU00389,17,Female,2,Engineering,PG/Rented,59.1,2.1,,1.0,6.3,3.8,0,4.4,No,Low,3.9,9.3,8.7,6.3,10.0,4.8,No,High,Yes
STU00390,24,Male,4,Medicine,Hostel,85.6,1.9,7.29,,6.7,0.5,0,,Yes,Upper-Middle,4.9,10.0,2.9,6.0,7.2,4.5,Yes,Low,No
STU00391,21,Female,4,Arts,Hostel,64.0,1.6,6.77,0.0,5.4,7.1,0,6.8,No,Upper-Middle,7.2,10.0,5.9,4.8,3.2,4.7,No,Medium,Yes
STU00392,20,Female,4,Engineering,Hostel,81.2,4.7,7.72,1.0,6.7,5.2,2,2.9,No,Middle,0.9,9.6,7.3,2.8,4.2,7.6,No,Low,No
STU00393,24,Female,1,Business,Day Scholar,94.7,4.5,7.91,1.0,6.4,6.1,4,4.7,No,High,2.8,5.9,8.5,5.0,4.9,7.4,No,Low,No
STU00394,23,Male,3,Business,Day Scholar,68.0,4.7,7.44,0.0,6.4,5.3,0,2.4,No,Middle,4.7,7.2,7.1,4.9,3.7,1.1,Yes,Medium,Yes
STU00395,18,Female,3,Engineering,Day Scholar,100.0,3.2,4.96,1.0,6.2,6.0,1,7.3,No,Lower-Middle,8.4,9.1,3.4,8.0,3.3,4.9,No,High,Yes
STU00396,17,Female,3,Business,PG/Rented,63.1,2.8,5.7,0.0,9.5,7.1,3,6.6,No,Lower-Middle,8.4,2.5,2.2,7.9,7.1,4.5,No,Medium,Yes
STU00397,20,Other,3,Business,PG/Rented,92.9,2.8,6.42,0.0,7.9,1.4,1,4.4,No,High,7.9,6.0,5.2,3.9,4.4,7.0,No,Low,No
STU00398,24,Female,4,Business,Hostel,84.4,4.8,4.73,0.0,6.6,8.0,2,4.2,No,Low,0.0,2.7,6.2,3.6,6.3,4.4,No,Medium,Yes
STU00399,18,Male,2,Science,Hostel,95.9,0.3,7.11,0.0,5.0,5.1,1,4.7,No,Middle,,7.1,,2.0,9.2,5.0,No,Low,No
STU00400,19,Female,2,Engineering,,61.3,2.4,8.78,1.0,5.8,9.1,4,3.2,No,Lower-Middle,,9.3,3.3,4.6,4.4,3.2,No,Low,No
STU00401,17,Female,1,Arts,Hostel,100.0,1.8,8.55,0.0,8.6,4.5,3,4.7,No,Lower-Middle,4.9,6.5,6.7,4.0,6.1,6.1,No,Low,No
STU00402,17,Male,2,Arts,Day Scholar,75.3,5.4,7.84,1.0,5.4,4.0,1,2.9,No,Middle,0.7,5.2,0.1,10.0,3.4,2.0,Yes,Low,No
STU00403,19,Female,3,Arts,PG/Rented,88.1,2.4,7.82,1.0,6.0,5.2,2,6.8,No,Lower-Middle,7.5,7.1,4.0,2.5,6.4,3.9,No,Low,Yes
STU00404,21,Female,3,Science,Hostel,99.7,0.6,9.9,0.0,5.9,6.6,1,7.3,No,High,0.4,,7.2,5.1,8.2,2.4,No,Low,No
STU00405,19,Male,1,Arts,Day Scholar,68.9,3.6,,0.0,6.8,4.9,4,6.9,No,Middle,7.4,,3.1,3.6,8.1,3.9,Yes,Low,No
STU00406,17,Male,1,Medicine,PG/Rented,90.4,2.6,8.1,0.0,5.5,6.8,0,2.6,No,Middle,7.0,3.8,3.3,5.1,5.6,3.4,Yes,Medium,No
STU00407,17,Male,3,Science,Day Scholar,66.4,2.3,4.79,2.0,6.5,4.6,5,,,Upper-Middle,2.5,7.0,4.4,4.3,4.4,6.2,No,Medium,Yes
STU00408,24,Male,1,Arts,Hostel,99.0,2.1,8.67,0.0,5.6,5.6,2,6.2,No,Middle,7.9,6.9,5.9,6.8,6.0,4.1,No,Low,No
STU00409,18,Male,1,Science,Day Scholar,66.6,2.1,7.36,1.0,8.2,10.4,3,6.5,No,High,4.2,8.6,3.3,6.0,5.6,7.5,Yes,Low,Yes
STU00410,19,Female,1,Arts,Hostel,78.6,4.3,6.69,1.0,5.2,6.3,3,1.3,No,Lower-Middle,3.6,6.3,5.4,6.7,6.5,4.0,No,Low,Yes
STU00411,18,Male,1,Business,PG/Rented,82.6,3.6,6.34,1.0,7.7,6.5,1,6.5,Yes,Low,4.0,10.0,4.6,3.3,4.2,2.3,Yes,Low,Yes
STU00412,19,Male,1,Engineering,Hostel,89.8,2.9,6.03,0.0,5.3,2.3,2,2.5,No,Low,4.2,6.7,7.8,,4.7,4.0,No,Medium,Yes
STU00413,23,Female,2,Engineering,Day Scholar,100.0,1.4,8.56,2.0,4.9,8.5,0,4.7,No,Upper-Middle,4.4,5.4,4.5,3.9,5.0,5.5,No,Low,No
STU00414,17,,2,Medicine,Day Scholar,71.2,2.9,6.76,1.0,5.1,7.8,1,7.5,No,High,4.5,4.3,,1.9,,7.9,No,Low,No
STU00415,24,Male,4,Science,PG/Rented,95.1,3.6,6.08,0.0,3.6,3.9,0,7.2,Yes,Lower-Middle,3.0,5.4,5.8,4.6,7.2,3.2,No,Medium,Yes
STU00416,18,Male,2,Law,Hostel,100.0,3.7,5.72,1.0,6.9,7.8,4,7.7,No,Middle,3.5,4.7,4.7,5.2,4.6,7.8,Yes,Low,Yes
STU00417,19,Male,3,Arts,Hostel,80.5,3.5,7.04,2.0,4.5,6.2,4,2.9,No,Low,3.7,6.2,7.0,2.3,3.1,4.1,No,Medium,Yes
STU00418,25,Female,1,Business,Hostel,69.7,1.7,,0.0,5.7,5.6,3,3.4,Yes,Lower-Middle,8.8,10.0,7.5,6.9,6.3,,No,High,Yes
STU00419,23,Male,1,Engineering,Hostel,52.0,0.0,5.98,0.0,7.3,8.3,1,3.9,Yes,Middle,3.7,3.3,4.5,3.2,7.0,,Yes,High,Yes
STU00420,20,Female,3,Science,Hostel,100.0,6.1,4.86,0.0,7.3,4.4,4,4.7,No,Low,3.5,3.4,6.1,3.1,5.2,7.3,No,Low,No
STU00421,21,Other,1,Arts,Day Scholar,74.3,1.1,8.14,1.0,4.1,3.9,1,5.4,No,Middle,,6.0,3.6,5.0,4.0,5.6,No,High,Yes
STU00422,18,Male,2,Law,Hostel,63.0,0.1,6.61,0.0,6.7,6.0,5,7.6,Yes,Middle,4.3,3.5,6.6,6.9,4.5,1.7,No,High,No
STU00423,24,Female,3,Engineering,Hostel,57.6,3.4,5.28,2.0,7.9,6.7,0,3.1,No,Upper-Middle,3.0,4.3,6.0,2.3,8.9,,Yes,Low,Yes
STU00424,20,Other,3,Arts,PG/Rented,,0.5,6.42,1.0,5.2,7.6,3,3.7,,Middle,2.5,7.2,4.8,7.1,6.0,8.8,No,Medium,Yes
STU00425,25,Male,1,Science,Hostel,91.8,1.9,7.57,2.0,7.0,5.2,0,7.8,No,Middle,1.7,6.4,6.2,0.2,7.6,0.0,No,Low,No
STU00426,21,Female,2,Arts,Hostel,93.9,4.1,6.84,0.0,4.5,3.6,4,2.7,No,Middle,6.2,7.5,6.7,5.7,3.8,5.2,Yes,Low,No
STU00427,25,Female,3,Arts,Hostel,87.8,6.0,,0.0,6.8,11.1,1,6.5,No,Low,0.8,7.8,8.0,2.5,8.0,3.9,Yes,Low,No
STU00428,20,Female,1,Science,PG/Rented,80.0,3.8,6.86,4.0,6.4,3.1,2,4.8,No,Upper-Middle,8.1,9.5,6.3,3.2,7.4,2.6,Yes,Low,No
STU00429,21,Female,3,Engineering,Hostel,59.3,,5.01,2.0,7.2,5.6,2,5.8,No,Lower-Middle,4.8,7.3,7.3,8.8,5.3,6.6,No,High,Yes
STU00430,25,,3,Science,PG/Rented,67.1,3.1,8.13,0.0,7.1,7.2,2,3.4,No,Low,4.0,9.2,9.3,2.8,,1.0,No,Medium,Yes
STU00431,24,Female,4,Arts,PG/Rented,61.4,0.3,4.41,1.0,4.2,8.0,1,6.4,No,Middle,4.5,6.7,3.4,4.9,8.2,3.8,No,Medium,Yes
STU00432,19,Female,1,Medicine,Hostel,86.6,2.5,7.45,0.0,6.4,4.3,2,3.7,Yes,Upper-Middle,6.1,7.4,7.8,2.7,3.2,,Yes,Medium,Yes
STU00433,17,Female,4,Medicine,PG/Rented,62.1,2.5,7.66,1.0,8.4,1.4,3,,No,Lower-Middle,3.9,7.3,3.7,,4.4,6.3,No,Low,Yes
STU00434,19,Female,2,Business,Hostel,,3.4,6.49,2.0,2.9,4.2,1,6.0,Yes,Low,4.6,7.1,4.1,5.9,6.6,5.7,No,High,Yes
STU00435,20,Female,2,Engineering,Hostel,75.2,6.3,7.29,0.0,7.7,7.4,2,0.0,Yes,Low,,7.0,5.5,6.2,5.5,4.8,Yes,Medium,No
STU00436,18,Male,1,Law,PG/Rented,53.0,0.1,6.41,2.0,8.6,6.9,4,3.9,No,Lower-Middle,5.8,10.0,4.2,7.5,6.4,4.3,No,High,Yes
STU00437,17,Male,3,Arts,Day Scholar,78.7,2.5,7.31,1.0,4.0,7.0,2,5.6,No,Middle,2.1,8.0,3.9,4.3,6.9,3.6,Yes,Low,No
STU00438,23,Male,1,Medicine,Day Scholar,,0.3,8.19,0.0,5.2,7.1,1,6.5,No,,3.4,5.5,5.4,7.4,6.5,2.6,No,Medium,No
STU00439,24,Male,2,Engineering,Hostel,95.8,2.4,5.69,0.0,7.0,8.4,0,7.5,Yes,Upper-Middle,0.9,10.0,4.8,8.3,5.0,6.1,No,Low,No
STU00440,23,Male,1,Arts,Day Scholar,65.7,1.8,7.74,1.0,4.9,3.8,2,8.6,Yes,Upper-Middle,6.4,5.7,4.2,5.6,5.1,,No,High,Yes
STU00441,21,Female,4,Science,PG/Rented,58.5,,9.17,1.0,8.2,2.9,2,7.9,No,Middle,6.7,6.5,3.6,2.6,8.8,6.2,No,Low,No
STU00442,17,Male,3,Law,Hostel,72.4,4.7,7.17,0.0,7.8,6.3,2,5.4,No,Middle,,4.7,8.4,2.3,5.7,2.9,No,Low,No
STU00443,23,Female,3,Business,Hostel,61.5,3.6,6.1,3.0,4.1,3.2,2,7.3,No,Lower-Middle,10.0,8.1,3.1,6.0,8.3,2.9,Yes,Low,Yes
STU00444,23,Male,1,Science,Hostel,78.6,4.5,9.97,0.0,5.1,2.7,0,5.4,Yes,Lower-Middle,10.0,10.0,5.2,2.6,8.5,5.5,No,Medium,No
STU00445,25,Female,1,Arts,Hostel,50.1,2.3,6.92,2.0,7.4,8.2,3,6.4,No,Middle,5.1,3.2,,2.0,3.9,0.0,No,High,Yes
STU00446,19,Other,3,Engineering,PG/Rented,68.9,,7.12,0.0,7.3,6.1,1,3.8,No,Low,3.2,5.9,7.1,6.9,7.0,0.0,No,Medium,No
STU00447,25,Male,2,Science,,64.1,5.8,7.15,1.0,9.5,5.6,3,5.9,No,Middle,5.6,9.0,6.0,4.0,3.2,6.5,Yes,Medium,Yes
STU00448,17,Female,1,Science,PG/Rented,86.5,3.2,7.43,1.0,4.9,5.6,5,4.1,No,Lower-Middle,,,4.3,10.0,8.9,3.1,Yes,Low,No
STU00449,17,Male,3,Law,Hostel,65.8,4.5,6.33,0.0,8.4,5.3,4,4.7,No,Lower-Middle,7.2,,,3.6,5.9,4.9,No,Low,Yes
STU00450,20,Female,4,Business,Day Scholar,52.0,2.2,7.07,1.0,4.8,8.2,2,5.9,No,Lower-Middle,5.4,3.6,3.3,3.9,5.8,5.3,Yes,Medium,Yes
STU00451,25,Male,3,Engineering,Hostel,,4.3,8.13,1.0,7.0,2.2,2,9.2,No,Lower-Middle,,7.4,,5.8,3.7,6.6,Yes,Low,No
STU00452,22,Female,3,Engineering,Hostel,82.8,2.3,6.28,0.0,7.5,2.1,5,5.8,No,High,9.0,6.7,4.9,5.5,4.2,,No,Low,No
STU00453,19,Male,4,Business,Hostel,73.9,0.2,6.21,0.0,2.0,3.4,0,5.0,Yes,Lower-Middle,3.6,10.0,5.1,4.8,6.0,3.7,No,High,Yes
STU00454,17,Female,1,Business,Hostel,68.8,3.2,6.39,1.0,7.6,6.1,2,3.3,Yes,Upper-Middle,3.7,8.1,3.9,4.8,5.7,3.3,No,Medium,No
STU00455,20,Female,2,Science,Day Scholar,67.9,2.4,5.26,1.0,8.3,9.5,4,6.8,No,Middle,7.0,1.7,2.1,,4.7,5.7,No,High,Yes
STU00456,25,Male,4,Business,PG/Rented,79.7,0.6,5.84,1.0,7.8,7.4,6,4.3,Yes,Upper-Middle,4.0,6.3,8.0,8.7,7.3,5.8,Yes,High,Yes
STU00457,19,Male,1,Law,Day Scholar,64.7,3.5,5.79,1.0,9.3,6.8,0,5.7,Yes,Middle,8.7,8.3,7.6,6.9,5.5,7.1,Yes,High,Yes
STU00458,25,Male,3,Law,Hostel,73.1,1.8,6.8,2.0,7.6,5.3,2,6.4,No,High,7.3,5.6,7.2,2.3,3.4,2.0,No,High,Yes
STU00459,23,Male,3,Arts,Hostel,89.3,8.1,7.97,1.0,5.4,2.6,1,7.5,No,Lower-Middle,4.1,5.5,6.3,4.8,7.0,9.0,No,Low,No
STU00460,20,Female,3,Medicine,Hostel,58.5,0.9,8.84,2.0,8.1,6.6,1,6.7,No,Middle,0.8,5.6,5.8,6.5,3.1,3.9,No,High,Yes
STU00461,19,Male,3,Science,,77.3,1.3,6.88,0.0,5.3,10.0,3,2.6,No,Low,1.7,7.7,4.1,,1.5,4.4,Yes,Medium,No
STU00462,21,Male,4,Arts,PG/Rented,51.2,4.6,7.44,0.0,6.3,5.0,3,1.6,No,Middle,3.9,3.7,4.3,7.8,5.7,4.8,Yes,Medium,Yes
STU00463,21,Male,3,Engineering,PG/Rented,81.4,3.0,7.14,0.0,7.4,4.3,4,6.4,No,Middle,5.9,5.3,8.4,3.6,3.3,2.7,Yes,Low,No
STU00464,19,Female,1,Business,Hostel,,4.6,3.87,0.0,,5.0,2,5.2,No,Middle,7.5,8.8,8.9,4.9,5.9,3.7,No,Medium,Yes
STU00465,25,Male,4,Arts,Day Scholar,93.3,3.8,5.19,1.0,8.2,6.8,4,5.8,Yes,Lower-Middle,4.5,5.4,5.1,,7.2,7.4,No,High,Yes
STU00466,20,Male,1,Medicine,Day Scholar,55.8,2.3,7.87,1.0,9.9,5.7,4,8.4,Yes,Low,3.0,5.3,5.5,7.9,7.6,7.5,Yes,Medium,Yes
STU00467,21,Male,2,Business,Day Scholar,84.6,1.0,8.0,0.0,4.5,7.5,4,3.8,No,Middle,4.7,3.5,7.0,6.5,6.5,4.9,Yes,Medium,Yes
STU00468,20,Male,2,Medicine,Day Scholar,96.3,4.9,,2.0,5.7,5.4,3,7.6,Yes,Middle,5.0,7.9,5.7,3.9,2.7,6.6,No,Medium,No
STU00469,21,Female,2,Science,Day Scholar,62.5,1.1,6.55,0.0,6.7,5.0,3,3.8,Yes,Low,8.0,7.4,5.8,5.5,4.0,5.3,No,High,Yes
STU00470,23,Male,2,Engineering,Day Scholar,65.1,4.1,4.01,0.0,5.5,6.0,3,8.1,Yes,High,7.9,8.6,5.4,5.1,5.5,4.4,No,Medium,No
STU00471,25,Male,4,Law,Hostel,63.8,4.7,5.36,1.0,6.1,4.3,1,6.5,No,High,2.7,6.3,3.6,3.1,5.5,,Yes,Low,Yes
STU00472,23,Female,3,Arts,PG/Rented,70.7,3.0,5.57,2.0,7.4,9.3,1,2.0,No,Upper-Middle,6.0,7.2,4.8,7.0,3.5,2.8,No,High,No
STU00473,21,Female,3,Business,Hostel,85.8,2.7,7.68,1.0,7.2,7.3,3,4.2,No,Upper-Middle,3.0,7.2,5.2,5.2,4.5,3.0,No,Low,Yes
STU00474,23,Male,1,Science,Day Scholar,69.5,1.6,6.3,1.0,6.6,3.1,6,8.8,Yes,Low,3.1,3.4,0.5,3.8,7.2,7.7,No,Medium,Yes
STU00475,21,Female,4,Engineering,Day Scholar,61.2,3.9,9.17,1.0,6.4,3.9,0,8.6,No,High,7.4,10.0,5.7,3.0,6.6,6.2,Yes,Low,No
STU00476,19,Female,4,Arts,Day Scholar,47.7,0.0,8.85,1.0,5.9,,2,6.2,Yes,Middle,4.5,8.7,10.0,6.9,4.9,7.4,No,High,Yes
STU00477,23,Male,3,Business,PG/Rented,100.0,4.3,9.14,0.0,8.3,5.9,2,5.7,No,Lower-Middle,6.5,6.7,4.6,5.6,7.7,5.3,No,Low,No
STU00478,18,Female,1,Business,PG/Rented,100.0,3.4,5.52,1.0,8.7,6.2,0,5.5,No,Upper-Middle,6.2,6.0,5.6,3.5,2.7,2.7,Yes,Low,Yes
STU00479,25,Female,1,Law,PG/Rented,86.4,2.8,7.49,2.0,7.7,5.1,7,5.9,No,Lower-Middle,4.8,9.4,3.8,3.9,7.2,5.7,Yes,Low,No
STU00480,17,Male,1,Arts,Day Scholar,65.8,3.6,6.13,0.0,4.5,6.5,3,4.7,No,Middle,5.8,6.7,3.3,5.0,6.9,7.0,No,Medium,Yes
STU00481,22,Male,1,Engineering,Day Scholar,89.2,1.0,,0.0,5.8,5.1,4,7.4,No,Low,5.5,8.5,4.9,5.1,7.1,5.8,No,Medium,Yes
STU00482,23,Male,2,Business,Day Scholar,92.2,0.0,5.67,1.0,6.5,6.7,6,6.2,No,Middle,2.4,5.2,6.8,5.4,6.1,1.9,No,Medium,Yes
STU00483,24,Female,4,Medicine,PG/Rented,74.2,3.9,8.52,0.0,4.8,7.2,2,3.1,No,Middle,6.1,4.6,5.0,1.1,4.1,1.6,No,Low,No
STU00484,25,Other,2,Engineering,Day Scholar,,5.3,5.7,0.0,6.3,9.0,1,6.3,No,Middle,3.4,,4.8,5.3,6.7,5.8,No,Medium,Yes
STU00485,18,Female,1,Engineering,PG/Rented,96.5,0.4,4.07,0.0,6.2,4.4,2,5.3,No,Low,2.5,6.5,6.5,2.3,4.6,3.9,Yes,Medium,Yes
STU00486,18,Male,1,Engineering,PG/Rented,53.4,1.5,9.65,1.0,7.8,5.5,0,4.4,No,Middle,7.0,7.4,5.9,8.1,5.9,5.1,No,High,Yes
STU00487,21,Female,1,Engineering,Day Scholar,93.0,4.4,7.42,2.0,5.5,2.8,1,8.8,No,Middle,3.6,9.7,6.1,7.3,4.0,3.1,No,Low,No
STU00488,21,Female,1,Science,Hostel,73.4,3.8,5.3,0.0,7.9,9.5,1,5.2,No,Lower-Middle,7.6,,7.9,7.5,4.8,4.8,No,High,Yes
STU00489,22,Male,1,Science,Hostel,61.3,7.9,6.57,2.0,4.8,1.2,5,1.1,Yes,High,7.5,9.4,7.6,0.0,5.2,2.3,Yes,Low,No
STU00490,19,Male,1,Business,PG/Rented,62.5,4.9,5.99,0.0,5.0,9.2,2,,No,Middle,3.9,4.9,8.5,4.3,6.3,5.0,Yes,Medium,Yes
STU00491,24,Female,3,Science,Hostel,65.0,4.5,6.81,0.0,5.6,5.7,2,7.0,No,Upper-Middle,7.5,5.9,,4.8,6.7,6.0,No,Low,No
STU00492,17,Male,4,Business,PG/Rented,59.8,2.0,7.92,0.0,6.3,6.4,4,3.1,No,Low,4.1,8.6,7.2,6.3,9.1,6.1,Yes,Medium,Yes
STU00493,22,,2,Law,Day Scholar,100.0,,7.7,0.0,,5.1,1,,Yes,Lower-Middle,4.8,9.2,8.8,7.0,5.8,1.9,Yes,Low,No
STU00494,20,,2,Law,Day Scholar,85.4,5.6,7.16,1.0,6.9,5.6,4,3.0,No,Lower-Middle,6.1,8.1,2.2,7.8,3.5,5.4,Yes,Low,No
STU00495,17,Male,4,Business,PG/Rented,,2.9,6.81,1.0,8.8,6.8,0,7.7,No,Middle,9.7,5.3,5.5,0.0,7.2,3.3,Yes,Low,No
STU00496,23,Male,1,Medicine,Day Scholar,86.4,3.0,8.31,1.0,7.2,1.9,5,3.9,No,Low,7.2,4.2,4.4,3.2,,7.6,No,Low,Yes
STU00497,25,Male,1,Science,Day Scholar,78.9,3.4,4.1,0.0,5.9,4.1,0,4.3,No,Middle,4.9,7.0,5.5,5.1,5.1,6.4,No,High,Yes
STU00498,20,Female,4,Business,Day Scholar,79.1,2.1,5.75,2.0,4.6,3.6,0,4.1,No,Lower-Middle,5.2,4.5,7.8,6.8,4.7,4.6,Yes,High,Yes
STU00499,20,Male,1,Engineering,Hostel,72.0,3.6,5.43,1.0,3.5,6.5,2,6.2,No,Lower-Middle,1.4,7.5,2.7,6.8,4.2,8.9,No,High,Yes
STU00500,22,Female,3,Business,PG/Rented,73.3,3.6,8.21,0.0,3.7,5.5,2,8.7,Yes,Middle,7.3,9.3,6.0,6.0,4.1,3.0,No,High,Yes
STU00501,19,Female,2,Science,Hostel,56.9,5.6,5.77,1.0,,6.9,0,5.0,No,High,7.1,6.9,4.4,3.6,2.9,4.4,No,High,Yes
STU00502,22,Female,2,Law,PG/Rented,94.2,2.9,5.0,2.0,9.4,5.9,2,5.0,No,Lower-Middle,5.7,3.6,7.9,3.9,7.5,5.6,No,Medium,Yes
STU00503,23,Male,2,Science,PG/Rented,50.8,4.3,7.57,0.0,2.1,7.8,5,3.9,No,Upper-Middle,6.7,5.4,6.3,3.6,6.4,8.6,No,High,Yes
STU00504,19,Female,3,Medicine,Hostel,62.1,2.9,5.53,0.0,7.3,3.9,2,1.7,No,Upper-Middle,0.3,8.4,5.2,2.8,5.7,7.4,Yes,Low,No
STU00505,23,Female,1,Arts,Day Scholar,100.0,4.2,6.31,0.0,5.2,5.6,4,4.1,No,Middle,2.5,7.5,4.1,2.8,4.2,6.1,No,Low,No
STU00506,19,Male,1,Medicine,Day Scholar,80.0,2.8,10.0,2.0,5.7,7.9,1,2.5,No,Upper-Middle,9.1,7.7,10.0,2.6,7.8,2.7,No,Medium,No
STU00507,18,Male,3,Science,Hostel,80.7,4.1,7.9,0.0,4.8,7.5,2,1.2,No,High,4.4,10.0,6.1,5.7,2.5,2.7,No,Low,No
STU00508,20,Female,2,Business,PG/Rented,87.6,4.4,6.5,0.0,4.1,2.2,0,4.8,No,Lower-Middle,6.7,7.3,2.7,5.3,5.2,5.9,Yes,Low,No
STU00509,24,Other,1,Arts,Hostel,54.9,1.5,6.63,0.0,6.4,3.3,1,3.9,No,Middle,3.3,7.2,,3.0,7.6,2.0,No,Low,No
STU00510,25,Male,4,Science,Hostel,57.1,5.0,8.07,1.0,6.6,5.3,1,7.8,,Middle,4.0,8.4,6.3,1.2,1.3,5.1,No,Medium,No
STU00511,23,Female,2,,Day Scholar,71.3,2.9,7.73,2.0,7.2,5.0,0,3.3,No,Middle,9.3,3.9,,4.2,5.9,6.1,No,Medium,Yes
STU00512,17,Female,4,Science,Day Scholar,64.4,2.4,6.91,0.0,3.7,5.4,0,6.3,Yes,Lower-Middle,4.6,5.5,4.3,8.3,4.1,1.5,No,High,Yes
STU00513,19,Female,3,Engineering,Day Scholar,76.9,,6.94,1.0,7.5,7.3,3,6.3,No,High,6.2,4.9,7.5,5.0,5.8,5.8,Yes,Low,Yes
STU00514,25,Other,3,Arts,PG/Rented,85.3,3.7,4.73,1.0,7.5,6.1,2,7.7,No,Upper-Middle,5.3,7.9,7.3,6.8,4.7,6.3,Yes,Medium,No
STU00515,17,Female,2,Science,Day Scholar,98.8,3.2,4.43,1.0,6.8,6.3,1,4.6,Yes,Low,,4.5,4.4,5.4,,3.8,No,Medium,Yes
STU00516,25,Male,4,Engineering,Day Scholar,90.2,3.8,6.55,0.0,5.6,7.0,4,7.6,No,Low,5.5,7.7,7.8,4.9,8.1,4.2,Yes,Low,No
STU00517,24,Male,1,Engineering,Hostel,63.1,3.8,5.91,0.0,6.7,7.9,2,6.1,No,High,0.5,6.0,4.1,1.8,10.0,0.9,No,Low,No
STU00518,17,Male,3,,Hostel,72.4,4.2,7.62,1.0,6.0,0.5,4,7.3,No,Low,6.1,5.7,8.9,4.1,5.3,4.3,No,Medium,No
STU00519,22,Female,1,Medicine,Hostel,68.3,7.6,7.08,0.0,7.7,4.6,1,9.8,No,Middle,3.8,8.5,6.6,3.8,7.0,1.4,No,Low,No
STU00520,21,Female,2,Engineering,Hostel,62.8,3.3,5.72,0.0,5.7,3.6,3,4.8,No,Lower-Middle,9.1,3.6,6.1,8.3,6.2,3.1,No,High,Yes
STU00521,22,Male,2,Medicine,Day Scholar,59.3,2.0,7.03,1.0,6.4,6.5,0,,No,,3.2,5.4,4.7,5.4,6.4,3.7,No,Medium,Yes
STU00522,21,Female,4,Engineering,Hostel,,0.0,6.21,1.0,3.6,4.5,2,4.3,No,Low,3.9,10.0,4.3,7.8,8.6,2.2,Yes,Low,No
STU00523,22,Female,4,Law,Hostel,78.2,1.3,,0.0,6.7,5.7,3,8.1,No,Lower-Middle,10.0,10.0,0.8,7.5,4.1,2.0,No,Low,No
STU00524,21,Female,1,Law,Hostel,,5.2,7.34,1.0,5.1,7.4,0,10.0,No,Low,6.7,2.5,4.9,3.1,4.7,2.1,No,High,Yes
STU00525,21,Male,1,Business,PG/Rented,85.3,4.4,,1.0,7.0,4.2,4,6.5,No,,2.7,5.4,5.5,5.0,5.1,6.9,No,Low,No
STU00526,20,Female,3,Arts,PG/Rented,86.0,,9.35,0.0,7.4,6.3,3,1.8,No,Middle,5.4,6.6,1.8,8.7,3.4,4.4,No,Medium,Yes
STU00527,19,Male,2,Business,Day Scholar,94.8,7.1,5.91,0.0,5.3,8.9,4,3.2,,Lower-Middle,2.2,3.4,7.1,6.2,5.5,7.0,No,Medium,Yes
STU00528,19,Male,1,Arts,PG/Rented,66.8,3.7,,0.0,6.2,7.3,0,7.3,Yes,Upper-Middle,5.6,10.0,5.2,6.1,6.9,3.7,No,Medium,Yes
STU00529,20,Male,3,Engineering,PG/Rented,84.0,3.9,9.8,2.0,6.5,2.0,0,2.7,No,Middle,3.1,6.6,7.9,7.0,7.2,3.7,No,Low,No
STU00530,25,Male,2,Engineering,Day Scholar,64.3,6.8,7.28,1.0,6.8,4.9,3,3.8,Yes,Middle,9.3,6.1,4.1,,5.1,3.7,No,Medium,Yes
STU00531,18,Male,4,Engineering,Hostel,75.1,6.0,7.78,0.0,7.4,6.3,4,3.7,No,Middle,6.0,,8.0,6.2,7.9,0.0,Yes,Low,No
STU00532,25,,1,Business,PG/Rented,78.9,4.4,7.83,0.0,7.2,6.7,1,4.8,No,Middle,6.2,7.3,4.6,5.7,,5.5,Yes,Low,Yes
STU00533,17,Male,2,Engineering,Day Scholar,80.3,4.5,6.51,5.0,5.6,4.9,4,5.5,Yes,High,7.2,,5.4,4.3,10.0,4.3,No,Medium,Yes
STU00534,17,Female,2,Arts,Day Scholar,79.7,4.7,6.0,0.0,8.6,,2,1.2,,Middle,7.4,,5.9,,6.7,4.6,No,Low,Yes
STU00535,21,Male,3,Law,PG/Rented,90.0,2.8,6.23,0.0,,5.6,1,1.9,No,Lower-Middle,3.4,6.9,5.4,0.9,4.6,0.3,No,Low,No
STU00536,22,Female,2,Business,Day Scholar,69.0,3.7,9.05,3.0,8.3,3.1,2,2.0,No,Upper-Middle,5.2,9.4,6.1,4.3,6.5,4.4,Yes,Low,No
STU00537,22,Other,3,Arts,Day Scholar,80.7,4.1,7.09,2.0,6.7,7.9,1,2.2,No,Lower-Middle,4.0,5.2,1.7,6.0,5.2,3.6,No,Low,Yes
STU00538,19,Male,1,Business,PG/Rented,,3.0,8.64,1.0,,9.6,2,5.0,No,Low,9.8,2.5,5.2,5.5,1.1,4.8,No,High,Yes
STU00539,23,Male,4,Medicine,Hostel,100.0,1.7,6.69,0.0,6.0,6.4,3,5.4,Yes,Middle,0.0,9.7,5.3,6.4,5.6,4.3,No,Low,No
STU00540,25,Male,2,Medicine,Day Scholar,64.3,2.8,5.74,2.0,5.5,5.0,1,7.0,Yes,Upper-Middle,3.7,8.1,1.5,,7.4,3.5,No,Medium,No
STU00541,24,Female,1,Medicine,Day Scholar,67.5,1.6,4.78,0.0,7.7,7.6,2,6.1,No,Lower-Middle,4.8,,6.8,10.0,7.5,,Yes,High,Yes
STU00542,22,Female,3,Law,Day Scholar,91.2,3.3,7.71,1.0,6.6,7.2,4,3.8,No,Upper-Middle,5.3,9.2,3.7,9.5,6.0,6.5,No,Low,No
STU00543,24,Male,1,Engineering,PG/Rented,,0.4,9.17,1.0,,4.9,0,5.5,No,Lower-Middle,5.3,6.5,7.4,1.7,7.5,3.7,No,Medium,No
STU00544,21,Female,1,Medicine,Hostel,91.2,3.7,5.56,0.0,4.7,5.4,4,7.1,No,Lower-Middle,4.9,,5.7,6.4,6.4,1.6,No,Medium,Yes
STU00545,24,Male,4,Science,Day Scholar,80.3,0.6,7.52,0.0,8.5,4.2,2,4.5,No,High,4.6,6.3,4.4,7.1,6.0,1.7,No,Low,No
STU00546,20,Male,2,Engineering,Hostel,72.0,2.6,4.87,0.0,6.4,5.9,0,4.4,Yes,Middle,,7.7,7.5,0.3,4.1,5.3,Yes,Medium,Yes
STU00547,24,,3,Law,Day Scholar,66.7,4.0,6.02,0.0,4.4,6.2,1,3.1,Yes,Upper-Middle,6.1,7.1,8.8,5.4,4.8,7.1,No,High,Yes
STU00548,18,Male,1,Engineering,Day Scholar,66.2,4.5,7.18,1.0,6.3,3.8,1,3.4,No,Upper-Middle,9.1,2.5,5.6,6.1,5.0,0.9,No,Medium,Yes
STU00549,21,Female,3,Science,PG/Rented,72.1,4.3,4.38,,5.9,3.1,1,6.4,No,High,9.1,6.2,8.2,5.0,6.1,2.5,Yes,Low,No
STU00550,25,Male,1,Engineering,Hostel,75.4,3.7,6.77,0.0,5.8,2.6,3,5.0,Yes,Low,5.7,9.6,5.1,5.8,7.2,3.8,No,Medium,No
STU00551,20,Other,2,Business,Day Scholar,65.5,1.4,5.63,0.0,7.1,6.4,1,8.9,No,Lower-Middle,3.9,6.5,7.4,5.2,4.2,0.4,No,High,Yes
STU00552,22,Male,4,Science,Hostel,76.4,4.8,7.65,2.0,5.9,,1,3.6,No,Upper-Middle,4.0,10.0,4.8,6.5,2.6,4.3,No,Medium,Yes
STU00553,17,Male,3,Arts,PG/Rented,61.6,1.4,6.57,0.0,5.7,5.3,4,6.5,No,Middle,2.0,4.4,9.2,8.4,8.5,5.2,No,Medium,Yes
STU00554,25,Female,2,Business,PG/Rented,89.3,5.0,8.12,0.0,8.2,6.5,1,5.8,Yes,Middle,7.2,7.3,7.7,6.7,,5.5,No,Medium,Yes
STU00555,17,Male,2,Business,PG/Rented,92.2,4.2,6.41,1.0,3.6,3.5,2,4.8,No,Lower-Middle,4.9,4.3,6.4,7.6,6.5,3.7,No,Medium,Yes
STU00556,21,Other,4,Medicine,PG/Rented,67.4,5.4,4.89,1.0,6.1,3.1,2,4.1,No,Lower-Middle,6.0,4.6,,2.7,6.0,3.8,No,Low,No
STU00557,20,Female,2,Engineering,,66.6,3.2,4.72,1.0,7.6,6.0,0,6.2,Yes,Middle,5.8,4.6,6.4,9.5,4.8,2.5,Yes,High,Yes
STU00558,19,Female,3,Business,Hostel,80.7,1.9,4.13,2.0,7.1,1.7,1,6.1,No,Lower-Middle,3.4,,3.0,5.7,6.8,1.0,No,Low,No
STU00559,22,Female,3,Medicine,Hostel,97.0,1.1,7.69,2.0,7.7,4.9,3,5.4,No,Lower-Middle,3.1,5.9,6.2,,3.0,4.1,No,Low,No
STU00560,18,Female,1,Medicine,Day Scholar,,1.3,10.0,0.0,9.2,10.9,3,5.9,No,Low,4.0,5.0,,5.9,8.9,5.3,Yes,Medium,Yes
STU00561,19,Female,1,Business,PG/Rented,57.0,0.6,7.41,0.0,8.7,2.5,1,5.1,No,Lower-Middle,6.1,6.5,6.9,3.8,10.0,4.5,No,Medium,No
STU00562,21,Female,3,Science,PG/Rented,,,9.14,2.0,4.5,4.6,1,,No,Upper-Middle,4.8,6.0,7.2,5.3,8.1,6.7,No,Low,No
STU00563,25,Female,1,Science,Hostel,77.1,4.9,8.39,0.0,3.8,0.8,0,5.2,No,Upper-Middle,0.9,8.3,4.8,5.7,3.8,5.2,No,Low,No
STU00564,18,,1,Medicine,PG/Rented,77.4,4.1,6.07,,6.7,5.0,0,4.5,No,,2.6,2.0,2.5,3.5,0.6,5.8,Yes,Medium,No
STU00565,24,Male,4,Arts,Day Scholar,,3.1,8.57,0.0,4.2,9.8,2,8.9,No,Lower-Middle,,,4.0,5.3,6.5,4.8,No,Low,No
STU00566,18,Female,2,Engineering,Day Scholar,70.8,6.5,6.13,0.0,3.3,6.5,7,6.3,No,Middle,4.9,8.4,4.8,3.5,2.8,8.2,No,Medium,No
STU00567,21,Male,3,Engineering,Hostel,94.5,3.0,6.16,1.0,6.7,4.1,2,5.4,Yes,Lower-Middle,6.2,5.4,5.5,3.4,4.6,3.5,No,Medium,No
STU00568,23,Female,2,Business,Hostel,99.4,3.6,6.51,1.0,7.1,10.3,4,5.9,No,Upper-Middle,5.1,4.8,8.0,2.8,8.7,5.9,No,Medium,Yes
STU00569,24,Male,2,Arts,Day Scholar,99.9,3.1,6.57,2.0,8.8,1.7,2,3.0,Yes,Upper-Middle,4.2,4.7,7.0,4.2,8.9,5.0,No,Low,Yes
STU00570,17,Male,1,Engineering,Day Scholar,50.3,,7.73,1.0,7.4,6.5,2,3.8,Yes,Upper-Middle,4.1,8.1,,3.8,9.1,6.0,Yes,Medium,No
STU00571,22,Female,2,Arts,Hostel,74.6,4.2,5.86,0.0,9.1,5.6,3,4.3,No,Middle,5.5,8.0,3.5,6.0,5.7,5.2,No,Medium,No
STU00572,17,Female,1,Business,Day Scholar,49.0,2.2,8.04,1.0,6.7,5.0,3,5.8,No,Lower-Middle,,8.6,7.8,7.4,7.4,4.4,Yes,High,Yes
STU00573,18,Male,2,Business,PG/Rented,66.5,2.1,8.02,1.0,4.5,7.3,2,4.1,Yes,Middle,,,7.3,6.5,1.3,5.3,Yes,High,Yes
STU00574,17,,3,Medicine,PG/Rented,42.0,4.3,,0.0,7.4,2.9,3,4.0,No,Low,2.5,3.8,5.3,7.1,2.4,5.5,Yes,Medium,Yes
STU00575,21,Female,2,Business,PG/Rented,,2.4,9.52,0.0,8.2,,1,2.9,No,Low,4.8,9.0,3.6,7.0,4.9,5.8,No,Medium,Yes
STU00576,25,Male,2,,Hostel,81.3,3.4,8.6,1.0,6.8,5.9,6,5.1,No,Low,3.5,7.0,4.3,3.0,7.3,7.4,No,Low,No
STU00577,22,Female,2,Science,Hostel,71.5,2.7,8.3,1.0,8.4,3.6,2,5.3,No,Middle,5.7,5.2,4.2,4.3,4.6,4.9,No,Low,No
STU00578,17,Male,1,Engineering,Day Scholar,66.1,3.2,6.89,0.0,6.0,9.8,4,5.9,Yes,Lower-Middle,8.4,6.2,8.9,8.9,7.2,2.3,No,High,No
STU00579,17,Male,2,Science,Day Scholar,82.7,2.1,7.29,2.0,7.0,5.1,3,3.6,Yes,Lower-Middle,1.9,3.8,7.2,3.8,3.1,4.8,Yes,Medium,Yes
STU00580,18,Other,1,Science,Hostel,,2.2,7.53,1.0,5.9,5.2,1,5.7,No,Middle,7.6,5.3,7.2,9.1,5.7,,No,High,Yes
STU00581,25,Male,1,Business,Hostel,61.8,1.9,6.82,4.0,9.8,3.2,1,2.9,Yes,High,6.1,6.9,5.7,4.1,6.7,3.6,No,High,Yes
STU00582,19,Female,1,,Day Scholar,60.0,4.5,6.27,1.0,,5.1,0,4.6,Yes,Lower-Middle,7.5,7.3,5.0,0.5,7.1,3.9,No,High,Yes
STU00583,17,Female,2,Arts,Hostel,74.9,3.5,3.43,0.0,4.5,10.6,0,5.6,No,Middle,4.0,6.3,6.2,4.5,4.6,2.7,Yes,High,Yes
STU00584,21,Male,3,,Hostel,69.3,4.7,7.8,1.0,9.0,4.9,3,4.5,No,Low,1.7,6.1,5.7,6.9,5.6,0.0,Yes,Low,No
STU00585,23,Female,1,Engineering,Hostel,72.2,4.8,8.26,,5.1,6.6,2,,No,High,5.4,8.1,5.3,8.7,2.3,7.5,No,Medium,No
STU00586,22,Female,2,Business,,85.8,2.5,5.17,2.0,6.2,7.6,4,2.1,Yes,Lower-Middle,8.2,6.3,,1.7,5.3,3.5,No,High,Yes
STU00587,17,Male,3,Law,Day Scholar,,4.6,7.65,1.0,6.9,5.1,5,5.4,No,Upper-Middle,2.6,5.5,3.4,6.8,7.8,1.1,No,Low,No
STU00588,21,Female,1,Business,Day Scholar,99.8,3.2,5.97,0.0,7.0,,2,6.2,No,Lower-Middle,2.9,4.8,6.0,7.0,4.9,4.9,Yes,Low,No
STU00589,21,Female,4,Arts,Day Scholar,,,6.29,0.0,6.9,6.5,0,5.7,Yes,Upper-Middle,6.4,2.6,5.3,7.9,,5.7,No,High,Yes
STU00590,22,Female,2,Arts,Hostel,83.2,5.2,8.64,2.0,4.5,5.0,7,6.2,No,Lower-Middle,3.8,,4.1,0.0,7.1,4.1,No,Low,No
STU00591,19,Female,2,Arts,Hostel,80.8,4.1,5.41,1.0,6.9,4.8,7,,Yes,Lower-Middle,8.8,9.7,6.8,8.6,10.0,1.9,Yes,Medium,Yes
STU00592,21,Male,2,Engineering,Day Scholar,52.9,2.6,5.41,0.0,7.9,7.6,4,6.5,No,Lower-Middle,6.5,4.7,9.1,6.0,10.0,,No,High,Yes
STU00593,23,Female,1,Business,Day Scholar,72.5,4.0,9.33,1.0,7.8,5.3,0,5.7,,Lower-Middle,3.3,3.7,,6.0,6.0,9.1,No,Medium,Yes
STU00594,21,Female,3,Science,Day Scholar,72.5,1.2,6.6,1.0,4.2,8.2,2,3.7,No,Upper-Middle,3.7,5.1,4.9,7.3,7.1,1.7,No,Medium,Yes
STU00595,21,Female,2,Engineering,Hostel,70.3,3.6,8.55,0.0,5.2,5.3,1,6.0,Yes,Middle,3.8,7.1,6.8,0.6,8.9,1.2,Yes,Low,Yes
STU00596,21,Female,4,Engineering,PG/Rented,77.4,0.8,4.56,0.0,4.6,2.6,0,5.6,No,Middle,,5.4,7.2,7.2,6.0,3.9,No,High,Yes
STU00597,19,Female,1,Engineering,Hostel,74.7,1.6,4.67,1.0,6.7,0.5,1,8.3,No,High,5.7,5.4,5.7,10.0,6.5,6.1,Yes,Low,No
STU00598,17,Female,2,Business,Day Scholar,63.2,4.1,5.52,0.0,3.9,,2,7.8,No,Middle,5.5,6.3,5.5,2.0,4.8,7.8,No,Medium,No
STU00599,21,Female,3,Medicine,Day Scholar,75.7,0.0,6.13,0.0,4.5,1.8,2,,Yes,High,2.4,6.7,6.2,4.9,10.0,4.1,No,Medium,No
STU00600,25,Female,1,,Day Scholar,68.4,6.1,4.84,1.0,,6.1,1,,Yes,Lower-Middle,7.1,7.3,10.0,5.1,7.0,4.0,No,High,Yes
STU00601,17,Female,2,Engineering,Hostel,38.7,4.5,7.32,0.0,3.5,3.4,0,8.1,No,High,4.3,5.9,6.0,5.8,4.9,1.9,Yes,High,Yes
STU00602,19,Female,3,Business,Day Scholar,,0.3,7.41,0.0,6.2,1.2,0,6.1,No,Low,2.9,5.8,3.0,5.9,4.3,6.7,No,High,Yes
STU00603,20,Female,4,Science,PG/Rented,79.3,7.0,5.54,1.0,3.0,5.2,4,4.7,Yes,Middle,3.9,2.3,3.4,3.5,1.6,4.4,Yes,Low,No
STU00604,17,Male,2,Arts,Hostel,94.4,7.5,5.65,0.0,,3.1,1,1.0,No,Middle,7.3,8.6,5.2,5.1,2.2,4.4,No,Low,No
STU00605,17,Male,3,Business,Hostel,41.6,2.9,5.84,0.0,5.6,6.5,1,3.5,No,Middle,5.4,7.1,3.0,8.8,4.0,5.4,Yes,High,Yes
STU00606,24,Male,4,Science,Hostel,64.9,1.7,5.17,1.0,5.3,6.5,2,3.3,No,Middle,5.6,9.8,5.2,5.9,7.4,5.1,Yes,Medium,Yes
STU00607,18,Female,4,Arts,PG/Rented,84.5,5.9,2.75,3.0,5.5,6.7,1,4.7,No,Lower-Middle,2.3,7.6,10.0,5.8,6.2,,No,Medium,Yes
STU00608,24,Female,1,Medicine,Hostel,91.2,2.6,6.68,3.0,6.1,0.5,2,6.2,No,High,5.3,6.3,,3.4,2.9,7.1,Yes,Low,No
STU00609,23,Female,3,Science,PG/Rented,71.7,3.5,6.2,1.0,,5.6,1,6.5,Yes,High,7.3,3.2,3.3,7.9,3.6,1.3,No,High,Yes
STU00610,18,Male,2,Engineering,Day Scholar,67.8,,6.34,1.0,8.2,5.2,2,8.0,Yes,High,0.9,2.9,5.1,4.5,,4.9,No,Low,No
STU00611,22,Female,4,Engineering,PG/Rented,96.3,3.0,5.38,0.0,7.7,2.8,4,6.9,No,High,4.1,8.8,5.3,0.5,,5.3,No,Low,No
STU00612,22,Male,2,Engineering,PG/Rented,89.9,2.8,7.93,0.0,9.5,0.8,3,2.4,No,Upper-Middle,6.4,7.7,3.5,5.9,3.2,3.7,Yes,Low,No
STU00613,19,Male,1,Business,Day Scholar,90.9,1.2,10.0,0.0,7.2,5.3,1,7.1,No,High,5.4,9.7,3.0,6.6,6.5,5.7,No,Low,No
STU00614,18,Female,3,Law,Hostel,,2.2,5.63,1.0,6.4,7.8,2,8.5,No,Upper-Middle,2.7,8.5,8.2,4.3,4.6,5.8,Yes,Low,No
STU00615,17,Female,2,Business,Hostel,94.7,2.8,8.76,0.0,5.5,0.5,2,8.4,No,Middle,5.9,5.7,6.5,0.1,4.6,6.7,No,Low,No
STU00616,22,Male,4,Engineering,Hostel,48.8,1.2,7.31,1.0,5.6,3.7,0,2.6,Yes,Upper-Middle,2.3,1.4,4.5,2.5,3.0,4.3,No,High,Yes
STU00617,21,Male,4,Science,Day Scholar,95.0,1.4,6.85,1.0,7.0,5.8,5,4.6,No,High,3.0,7.8,3.2,4.7,6.8,4.1,No,Low,No
STU00618,25,Male,3,Arts,Hostel,77.0,3.3,6.32,0.0,4.7,8.0,3,6.9,No,Upper-Middle,3.2,4.3,4.5,4.1,4.5,5.6,No,Medium,No
STU00619,17,Male,1,Engineering,Hostel,79.9,0.2,6.68,2.0,6.5,4.8,3,2.7,,Middle,8.5,6.1,,6.0,4.8,4.1,No,High,Yes
STU00620,23,Female,3,Business,Day Scholar,63.8,1.8,8.41,3.0,6.2,9.7,4,1.6,No,Low,1.2,7.4,4.3,6.3,7.6,1.5,Yes,Medium,Yes
STU00621,21,,1,Business,PG/Rented,50.8,6.3,5.21,0.0,5.1,1.6,5,5.6,No,Upper-Middle,1.3,5.1,9.6,4.0,7.7,6.2,No,Low,No
STU00622,21,Female,1,Science,Hostel,79.6,2.6,6.41,1.0,4.6,1.1,1,3.6,No,High,5.7,4.7,6.0,1.9,4.0,0.8,No,Low,No
STU00623,18,Female,4,Engineering,,86.3,2.4,8.55,0.0,10.0,7.7,2,,Yes,Lower-Middle,5.2,5.8,4.3,8.2,6.1,5.3,No,Medium,No
STU00624,19,Male,1,Engineering,Hostel,88.5,2.6,8.18,1.0,4.1,0.5,2,7.5,Yes,Lower-Middle,3.9,2.0,6.9,6.2,7.4,9.6,Yes,Medium,No
STU00625,23,Male,2,Arts,PG/Rented,86.9,2.7,,,6.1,6.5,1,5.3,,Lower-Middle,5.0,4.2,3.6,6.5,5.1,5.6,Yes,Medium,Yes
STU00626,22,Male,4,Engineering,Day Scholar,83.5,4.1,6.54,1.0,8.0,4.9,4,4.0,No,Middle,2.6,4.2,4.7,5.8,6.9,3.1,No,Low,No
STU00627,18,Male,2,Arts,Hostel,64.1,4.0,7.82,2.0,7.0,3.5,0,3.1,Yes,Lower-Middle,5.2,6.0,1.8,7.4,4.8,3.6,No,Medium,Yes
STU00628,22,Male,1,Business,Hostel,89.5,2.6,7.73,3.0,5.5,4.6,5,5.3,No,Middle,5.5,4.4,8.0,,4.8,5.2,No,High,Yes
STU00629,18,Female,4,Business,Hostel,62.5,2.9,8.17,0.0,4.4,,0,6.0,No,High,7.8,5.4,5.1,6.8,3.5,4.5,No,Medium,Yes
STU00630,18,Male,1,Law,Hostel,94.6,5.3,7.34,0.0,6.4,4.8,1,5.7,No,,,5.5,3.9,6.5,,6.0,No,Low,No
STU00631,18,Other,3,Arts,PG/Rented,76.7,0.8,7.57,0.0,2.2,5.5,2,2.0,No,Lower-Middle,4.4,10.0,,6.4,4.5,7.4,No,Medium,Yes
STU00632,19,Male,4,Engineering,PG/Rented,77.2,3.1,7.28,1.0,6.5,4.6,1,6.0,No,High,2.1,,3.4,2.4,3.8,7.1,No,Low,No
STU00633,18,Female,4,Arts,Day Scholar,91.0,3.4,9.01,1.0,6.3,4.2,0,6.4,Yes,Middle,5.9,6.2,,5.3,3.3,2.2,Yes,Medium,Yes
STU00634,20,Female,3,Science,PG/Rented,93.0,2.0,6.21,1.0,7.8,,0,4.3,No,Low,4.7,7.5,4.7,5.9,5.7,4.5,No,Medium,No
STU00635,25,Female,2,Science,Hostel,89.6,3.0,6.87,1.0,,9.2,0,7.1,No,Middle,4.6,8.5,3.1,,3.4,5.5,No,Medium,No
STU00636,22,Female,1,Engineering,Day Scholar,65.7,,5.38,0.0,5.7,4.9,1,3.3,Yes,Middle,1.3,7.1,4.2,5.2,4.0,7.5,No,High,Yes
STU00637,17,Female,4,Law,PG/Rented,89.4,4.2,5.1,1.0,6.9,7.3,3,7.6,No,Upper-Middle,5.2,4.2,5.1,7.4,7.2,5.2,No,Medium,Yes
STU00638,24,Female,4,Business,Hostel,65.8,1.1,7.25,0.0,6.5,3.4,5,5.3,No,High,6.0,6.2,5.3,1.7,6.4,3.1,Yes,Low,Yes
STU00639,23,Female,2,Engineering,PG/Rented,89.8,4.9,5.79,1.0,4.2,2.6,1,4.0,No,Lower-Middle,7.3,4.4,2.9,3.4,,5.4,No,Medium,No
STU00640,19,Female,1,Engineering,Hostel,56.6,3.1,6.72,0.0,5.2,6.5,0,4.4,No,Lower-Middle,3.8,5.8,5.0,6.0,7.0,8.1,No,High,Yes
STU00641,17,Male,1,Engineering,Hostel,76.6,2.5,9.06,0.0,8.3,5.0,0,7.0,No,Low,,6.2,6.7,5.9,5.6,4.0,No,Medium,Yes
STU00642,21,Male,1,Science,Hostel,65.7,1.6,8.98,1.0,6.6,8.0,3,5.5,No,Upper-Middle,3.8,8.8,,3.4,7.9,3.1,No,Medium,No
STU00643,20,Female,3,Engineering,Day Scholar,91.0,4.8,,0.0,3.7,,3,6.3,Yes,Upper-Middle,7.1,4.8,4.5,7.1,8.5,4.4,Yes,Medium,Yes
STU00644,24,Female,2,Engineering,Day Scholar,94.7,2.2,9.09,0.0,7.5,7.3,3,7.1,No,Middle,8.2,4.6,,4.6,2.1,3.2,Yes,Medium,Yes
STU00645,17,Female,4,Medicine,PG/Rented,81.0,1.3,10.0,1.0,3.8,7.3,1,3.9,No,Lower-Middle,7.6,4.9,5.0,4.6,7.1,6.2,No,Medium,No
STU00646,17,Female,3,Business,Day Scholar,80.5,4.9,7.41,0.0,5.7,0.5,0,5.3,Yes,High,6.5,5.2,2.7,4.8,8.9,3.2,Yes,Low,No
STU00647,20,Other,1,Engineering,PG/Rented,88.6,1.8,5.54,1.0,7.0,6.5,1,,No,High,4.9,5.8,4.4,7.9,5.9,7.1,Yes,Medium,No
STU00648,24,Male,3,Engineering,PG/Rented,94.8,3.0,5.4,1.0,8.0,7.4,6,7.0,No,Lower-Middle,5.3,7.2,7.1,7.4,6.9,5.5,No,Medium,Yes
STU00649,21,Male,2,Engineering,Hostel,78.6,4.5,8.75,1.0,2.7,2.7,2,4.2,No,Upper-Middle,5.6,4.8,7.1,9.1,6.0,5.9,No,Medium,Yes
STU00650,18,Male,3,Engineering,Day Scholar,70.5,3.5,6.87,1.0,7.3,5.5,3,5.1,Yes,Middle,4.4,6.8,6.3,6.2,7.6,5.9,Yes,Low,No
STU00651,22,Male,3,Science,Hostel,,6.0,6.98,1.0,7.5,3.2,1,9.6,No,Lower-Middle,7.0,6.8,0.2,9.2,6.3,6.2,Yes,Low,No
STU00652,21,Female,4,Engineering,Day Scholar,50.1,1.9,6.03,1.0,5.4,7.8,2,7.6,Yes,Lower-Middle,1.2,7.7,3.9,5.5,1.3,3.9,No,High,Yes
STU00653,18,Male,4,Engineering,PG/Rented,91.6,2.9,6.2,2.0,6.3,3.4,0,2.9,No,Lower-Middle,1.6,6.0,6.4,4.7,5.2,2.5,Yes,Low,Yes
STU00654,19,Female,1,Science,Hostel,67.3,3.0,7.34,0.0,2.0,3.8,5,6.8,No,Lower-Middle,,8.3,8.9,4.0,5.1,3.5,No,Medium,Yes
STU00655,25,Male,1,Science,Day Scholar,,4.2,5.32,1.0,2.1,4.5,1,6.4,,Middle,3.2,7.3,5.5,4.6,7.0,6.4,Yes,Low,No
STU00656,23,Female,3,Business,Day Scholar,91.7,5.3,7.16,2.0,7.9,10.4,3,2.8,No,Lower-Middle,8.1,7.2,5.7,4.7,8.0,1.0,No,Low,No
STU00657,23,Female,1,Arts,Day Scholar,71.8,3.3,8.92,0.0,5.4,7.7,2,4.8,Yes,Lower-Middle,2.3,5.3,5.3,3.5,5.0,0.5,No,Medium,Yes
STU00658,22,Male,2,Business,Hostel,87.7,3.0,3.81,0.0,5.7,9.0,2,3.1,No,Middle,2.4,7.1,2.9,3.7,,4.9,Yes,Medium,Yes
STU00659,24,Female,1,,Hostel,,0.8,4.64,3.0,6.6,1.5,1,0.2,,Low,3.1,7.3,6.2,6.3,6.1,6.2,Yes,Medium,Yes
STU00660,20,Male,3,Arts,Hostel,79.7,3.4,7.75,0.0,5.7,2.7,2,4.7,No,Upper-Middle,7.5,5.2,2.5,3.9,3.9,6.5,No,Low,Yes
STU00661,24,Male,1,Business,Hostel,,2.2,8.71,0.0,5.5,8.4,0,4.0,No,Middle,8.3,9.1,,1.3,4.2,2.6,No,Low,Yes
STU00662,20,Male,3,Medicine,Hostel,76.2,4.2,6.11,1.0,6.8,1.6,2,2.8,Yes,Middle,7.3,10.0,5.7,1.1,10.0,,No,Low,No
STU00663,24,Male,4,Engineering,Day Scholar,79.7,2.5,4.0,0.0,4.0,4.0,1,5.0,Yes,High,7.5,5.1,5.6,0.4,4.1,3.1,Yes,Medium,Yes
STU00664,25,Male,1,Science,Hostel,61.3,2.8,8.8,0.0,,10.0,0,0.8,Yes,Lower-Middle,8.8,5.5,2.9,1.9,2.2,3.7,No,High,Yes
STU00665,19,Female,1,Engineering,PG/Rented,73.6,0.9,5.66,0.0,5.9,3.4,6,5.1,No,Middle,0.9,5.5,4.1,2.4,,3.8,No,Low,No
STU00666,19,Female,2,Science,Day Scholar,58.7,0.3,6.29,2.0,4.7,1.5,2,5.0,Yes,Lower-Middle,2.2,,6.9,2.9,7.0,4.7,No,High,Yes
STU00667,18,Female,4,Arts,Day Scholar,64.5,6.2,7.25,0.0,,5.6,4,6.4,Yes,Upper-Middle,3.4,4.6,5.6,5.6,7.3,7.3,Yes,Low,No
STU00668,19,Male,1,Medicine,Day Scholar,48.0,3.4,,0.0,6.3,1.6,0,1.8,No,Upper-Middle,5.2,8.4,4.1,2.2,7.3,4.4,No,Low,Yes
STU00669,19,Female,2,Engineering,Day Scholar,82.0,3.8,5.57,0.0,5.7,8.2,1,9.3,No,Lower-Middle,5.2,6.3,3.4,3.0,5.8,,Yes,Low,Yes
STU00670,21,Male,1,Arts,PG/Rented,100.0,1.7,5.6,0.0,3.9,3.5,1,8.5,No,Middle,5.3,10.0,7.1,1.0,5.8,5.8,No,Low,Yes
STU00671,21,Male,3,Arts,Hostel,71.2,4.6,9.4,1.0,5.3,3.1,2,3.5,No,Low,6.9,5.9,5.6,3.5,7.5,3.1,No,Low,No
STU00672,18,Female,2,Science,Hostel,,4.3,8.42,0.0,,5.6,1,7.9,No,High,0.6,7.4,3.2,6.6,8.9,5.8,No,Low,No
STU00673,22,Male,3,Arts,PG/Rented,94.9,1.9,,0.0,8.1,4.6,1,6.7,No,Lower-Middle,4.7,4.5,5.1,4.9,2.9,5.6,No,Medium,No
STU00674,21,Female,4,Arts,Hostel,60.0,1.5,3.74,1.0,6.4,6.1,1,4.1,No,Upper-Middle,5.6,6.3,3.9,5.2,4.2,4.5,No,High,Yes
STU00675,22,Female,1,Business,Hostel,63.2,2.0,7.61,1.0,8.6,6.6,2,3.8,No,Lower-Middle,4.3,6.7,6.1,5.0,6.8,4.8,Yes,Medium,No
STU00676,17,Male,4,Business,Hostel,92.9,3.2,7.53,1.0,5.1,5.0,3,3.9,Yes,Middle,5.4,,8.0,2.2,6.0,4.4,Yes,Medium,No
STU00677,21,Male,1,Business,Hostel,76.6,3.5,5.01,1.0,,2.9,3,10.0,Yes,High,7.4,4.7,3.3,4.1,1.7,2.3,Yes,Medium,No
STU00678,25,Male,4,Engineering,Day Scholar,58.6,3.3,7.16,0.0,6.8,7.1,0,7.7,No,Upper-Middle,5.1,7.9,5.8,5.5,4.3,,Yes,Medium,No
STU00679,18,Female,3,Law,Hostel,68.4,5.3,8.27,1.0,7.1,4.0,7,4.6,No,Lower-Middle,,7.8,5.8,,6.1,6.6,Yes,Medium,Yes
STU00680,17,Male,4,Science,PG/Rented,84.3,2.1,7.6,1.0,,,2,4.8,No,Middle,7.2,3.8,1.2,5.8,5.5,5.6,No,Low,No
STU00681,25,Male,1,Law,PG/Rented,66.1,1.5,5.85,,4.9,5.8,2,6.7,No,Lower-Middle,5.6,5.7,,6.9,4.7,3.7,No,High,Yes
STU00682,25,Male,1,Engineering,Day Scholar,36.4,3.2,6.82,0.0,4.9,1.3,2,6.6,Yes,Middle,6.2,1.3,9.7,2.6,10.0,4.3,Yes,High,Yes
STU00683,25,Female,2,Medicine,Day Scholar,73.2,0.5,7.82,0.0,5.7,,2,3.1,No,Lower-Middle,6.7,6.5,5.8,1.7,5.4,2.2,Yes,Medium,Yes
STU00684,22,Male,2,Science,PG/Rented,74.4,4.3,6.88,4.0,8.4,5.9,0,5.6,No,Lower-Middle,8.9,9.3,8.2,1.1,6.0,5.4,No,Medium,No
STU00685,24,Male,1,Science,Hostel,78.1,3.4,8.56,0.0,4.7,8.0,3,3.9,No,Middle,7.7,9.4,3.0,6.8,5.8,5.2,Yes,Low,No
STU00686,17,Female,2,Arts,PG/Rented,96.9,2.7,7.35,0.0,5.4,4.4,0,5.3,Yes,Lower-Middle,6.2,9.3,4.1,1.8,5.9,4.1,Yes,Low,No
STU00687,20,Female,1,Business,PG/Rented,78.8,2.6,7.85,0.0,7.3,8.4,1,4.9,Yes,Middle,3.3,7.7,5.6,7.3,5.6,4.6,No,Medium,Yes
STU00688,17,Male,2,Science,Day Scholar,81.6,4.7,7.95,0.0,7.2,,4,7.0,No,Lower-Middle,6.0,9.0,3.8,,1.1,3.9,No,Low,No
STU00689,24,Male,4,Arts,Day Scholar,93.8,4.6,5.31,2.0,7.0,,2,4.5,No,Lower-Middle,6.3,6.1,5.6,8.7,3.4,3.5,No,Medium,No
STU00690,17,Male,2,Engineering,Hostel,78.2,2.8,6.87,0.0,6.3,9.5,3,5.2,Yes,Upper-Middle,6.8,5.4,7.5,,4.8,2.9,No,High,Yes
STU00691,19,Female,1,Business,Day Scholar,100.0,,6.33,,4.6,5.7,3,1.2,Yes,Low,3.3,9.0,3.7,4.1,,2.5,No,Low,No
STU00692,20,Male,2,Law,PG/Rented,59.0,4.6,8.26,0.0,5.2,4.4,3,5.6,No,Lower-Middle,6.7,,7.6,5.1,4.9,3.1,Yes,Low,No
STU00693,24,Female,1,Medicine,Hostel,64.0,3.7,7.45,1.0,7.9,5.8,1,3.4,No,Middle,6.8,2.6,1.7,,3.8,3.2,Yes,Medium,Yes
STU00694,22,Female,4,Law,PG/Rented,87.2,2.9,6.54,0.0,7.4,4.3,1,2.0,Yes,Middle,2.2,9.2,4.4,5.9,7.5,6.7,No,Low,No
STU00695,23,Female,1,Arts,Hostel,96.8,3.8,5.01,0.0,4.2,6.3,2,7.3,No,Middle,2.2,,5.1,2.7,8.3,3.3,No,Low,No
STU00696,24,Male,3,Engineering,Hostel,75.0,1.5,4.56,0.0,7.5,8.4,1,4.9,No,Lower-Middle,7.6,5.0,3.6,5.4,2.3,0.4,No,High,Yes
STU00697,18,Female,4,Engineering,Hostel,62.8,3.3,7.23,1.0,8.2,5.5,2,0.8,No,Lower-Middle,3.0,8.7,4.4,3.3,5.7,5.1,Yes,Low,No
STU00698,24,Female,4,Engineering,Hostel,100.0,2.8,5.8,0.0,6.3,5.7,4,3.4,No,Upper-Middle,8.5,8.4,8.3,4.5,,5.7,No,High,Yes
STU00699,19,Female,3,Engineering,Day Scholar,66.1,2.6,7.73,0.0,6.8,7.3,5,5.0,No,High,4.4,4.4,8.0,2.0,4.8,6.4,Yes,Low,No
STU00700,23,Male,4,Business,Hostel,83.1,0.4,4.5,0.0,7.7,8.1,1,5.1,No,Low,5.9,6.2,6.9,6.9,,4.8,No,High,Yes
STU00701,19,Other,4,Engineering,PG/Rented,97.7,1.6,9.03,2.0,5.2,4.5,3,,No,Middle,5.8,4.5,7.6,4.2,,2.2,No,Medium,Yes
STU00702,23,Male,3,Business,Day Scholar,71.4,2.4,7.73,1.0,9.7,5.9,1,0.0,No,Lower-Middle,3.4,4.6,4.3,7.0,2.6,2.9,Yes,Medium,Yes
STU00703,18,Male,2,Law,Hostel,68.7,4.6,6.94,1.0,8.0,7.3,2,3.9,No,Lower-Middle,8.2,0.0,3.1,3.4,2.7,5.7,No,Medium,Yes
STU00704,22,Male,3,Business,Day Scholar,69.7,3.7,9.16,0.0,7.0,6.2,4,7.1,No,Lower-Middle,4.4,,3.9,5.0,3.5,7.4,No,Medium,Yes
STU00705,19,Female,2,Medicine,PG/Rented,91.5,,8.13,3.0,6.1,1.4,2,7.8,No,Middle,5.1,6.1,,7.0,4.1,2.2,No,Low,No
STU00706,19,Male,3,Arts,Day Scholar,93.9,,6.13,,6.9,7.7,1,3.8,Yes,Lower-Middle,0.4,0.3,4.3,2.4,1.5,4.9,Yes,Low,No
STU00707,25,Male,2,Engineering,Hostel,78.5,3.7,6.91,1.0,3.9,6.7,3,8.8,No,High,,3.5,,3.1,6.2,3.4,No,Low,No
STU00708,23,Male,1,Business,PG/Rented,100.0,3.4,4.05,0.0,9.3,6.8,3,1.8,,Middle,7.6,7.8,6.1,6.8,6.6,2.9,Yes,Low,No
STU00709,21,Male,1,Engineering,PG/Rented,78.5,1.6,8.29,0.0,7.9,2.9,3,3.4,No,Lower-Middle,5.0,3.4,5.1,8.0,4.8,4.6,No,Medium,No
STU00710,23,Female,1,Business,Hostel,,6.4,6.39,0.0,8.4,5.8,4,6.8,No,Upper-Middle,3.7,6.2,5.3,5.0,9.8,4.2,No,Low,No
STU00711,25,Female,1,Science,Hostel,71.5,0.9,4.03,0.0,6.2,7.4,2,6.5,Yes,Low,3.7,2.9,7.7,,4.6,0.5,Yes,High,Yes
STU00712,17,Male,1,Engineering,Day Scholar,100.0,,5.15,1.0,5.7,3.6,3,5.0,No,Middle,6.3,7.4,2.9,4.3,8.0,4.9,Yes,Low,No
STU00713,23,Male,2,Engineering,Hostel,,4.5,8.02,1.0,5.2,4.1,1,2.8,No,Lower-Middle,7.9,5.8,7.1,9.3,2.6,5.2,No,High,Yes
STU00714,22,Female,1,Business,PG/Rented,76.1,4.6,9.06,0.0,7.4,7.4,1,2.8,,Lower-Middle,3.7,4.5,1.3,2.1,6.1,6.0,No,Low,No
STU00715,25,Male,4,Law,Hostel,99.5,1.4,,1.0,5.4,4.0,1,3.5,No,Lower-Middle,7.5,0.7,4.4,6.2,6.4,3.4,Yes,Medium,No
STU00716,17,Male,1,Science,PG/Rented,98.8,2.5,5.43,1.0,5.9,5.0,1,2.8,Yes,Low,4.6,4.5,8.5,5.3,4.0,1.3,Yes,High,Yes
STU00717,20,Other,1,Science,Day Scholar,100.0,1.9,4.81,0.0,7.0,3.2,3,5.3,No,Lower-Middle,6.2,8.0,6.1,2.5,5.9,3.7,No,Low,No
STU00718,25,Female,3,Engineering,Hostel,40.8,0.0,8.78,1.0,5.2,9.5,4,4.8,No,Low,0.9,,4.6,4.3,4.0,5.9,No,High,Yes
STU00719,20,Male,3,Science,Hostel,88.8,3.4,7.43,0.0,,6.6,2,2.7,No,High,1.3,6.0,7.3,1.0,4.8,4.3,No,Low,No
STU00720,19,,1,Science,Day Scholar,86.1,2.1,,2.0,6.2,4.9,2,4.3,No,Low,6.9,6.3,6.7,5.6,4.9,6.2,No,High,No
STU00721,25,Male,4,Arts,PG/Rented,85.1,5.6,6.0,0.0,3.9,4.5,4,0.0,No,Lower-Middle,5.6,5.0,6.6,6.0,2.5,1.9,No,Medium,No
STU00722,18,Female,4,Law,PG/Rented,81.3,4.2,7.74,0.0,5.2,2.8,2,5.7,No,High,5.9,9.2,5.1,2.0,6.6,6.1,Yes,Low,No
STU00723,20,Male,2,Business,Hostel,81.7,3.3,7.7,1.0,8.2,5.3,2,6.4,Yes,Middle,2.5,6.0,7.4,6.2,6.7,5.0,No,Low,Yes
STU00724,22,Male,2,Law,Hostel,97.2,2.4,5.54,0.0,4.8,7.0,2,3.2,No,Middle,4.0,8.5,4.2,3.5,4.7,3.8,No,Low,Yes
STU00725,18,Male,4,Medicine,Hostel,86.1,3.4,5.2,0.0,7.5,3.7,1,3.4,No,Low,1.2,7.0,4.1,3.3,6.0,6.6,Yes,Low,No
STU00726,24,Female,3,Engineering,Day Scholar,81.3,2.8,5.27,3.0,6.4,5.7,5,5.5,No,Middle,3.1,6.8,9.2,2.9,3.6,5.0,No,High,Yes
STU00727,24,Female,2,Business,Hostel,95.1,3.3,6.14,3.0,5.9,4.7,5,5.2,No,Low,4.9,4.3,4.5,6.5,2.9,2.5,No,Medium,Yes
STU00728,17,Male,4,Law,Day Scholar,84.3,6.2,5.83,0.0,10.0,8.5,0,6.5,No,Middle,5.8,10.0,1.4,1.3,4.7,6.5,No,Low,No
STU00729,19,Male,1,Engineering,Day Scholar,85.7,1.5,9.07,1.0,4.3,4.1,0,3.4,No,High,3.4,9.7,7.6,1.5,,4.0,No,Low,No
STU00730,25,Female,2,Arts,PG/Rented,100.0,2.9,6.09,1.0,5.1,7.2,2,3.7,No,Middle,6.3,10.0,8.2,3.7,5.3,4.6,No,Medium,Yes
STU00731,21,Male,1,Law,Hostel,71.5,4.3,5.05,3.0,6.2,8.6,1,4.6,No,Lower-Middle,4.9,4.1,5.0,3.8,4.6,2.8,Yes,Medium,Yes
STU00732,22,Male,3,Arts,Hostel,55.3,2.6,5.13,0.0,9.8,4.7,2,2.9,Yes,Middle,4.5,7.1,1.3,,6.2,4.4,No,Medium,No
STU00733,20,Other,3,Engineering,Day Scholar,,5.7,6.54,1.0,6.2,4.2,1,4.5,No,Middle,5.2,4.8,5.4,4.8,3.6,,Yes,Low,No
STU00734,18,Male,3,Arts,Day Scholar,81.2,4.3,4.25,0.0,6.6,7.5,3,2.9,No,Middle,9.8,7.5,9.6,4.8,2.9,4.2,No,High,Yes
STU00735,24,Female,1,Engineering,Hostel,88.8,2.0,6.72,0.0,5.7,1.6,2,5.8,No,Middle,4.6,7.1,5.9,1.4,4.8,4.6,No,Low,Yes
STU00736,22,Other,1,Arts,PG/Rented,79.6,3.5,4.93,1.0,6.7,6.4,0,3.1,No,Middle,7.2,5.6,7.0,4.5,3.7,5.7,No,High,Yes
STU00737,21,,2,Engineering,PG/Rented,89.3,2.1,8.42,3.0,5.8,2.0,2,5.5,No,Middle,6.3,6.0,7.2,0.0,3.0,1.7,Yes,Low,No
STU00738,25,Male,3,Arts,Hostel,100.0,1.9,6.96,5.0,7.2,8.2,2,7.9,No,High,4.4,10.0,7.4,5.5,7.4,6.5,Yes,Low,No
STU00739,17,Male,2,Arts,Hostel,90.0,3.0,9.77,0.0,7.4,4.9,0,5.9,Yes,Upper-Middle,1.4,6.2,9.2,6.5,10.0,6.6,No,Low,No
STU00740,21,Female,1,Science,Day Scholar,92.7,,,0.0,5.8,5.3,0,5.4,No,Lower-Middle,3.6,1.7,7.7,3.3,2.2,4.1,No,Medium,Yes
STU00741,22,Female,4,Arts,PG/Rented,76.1,4.4,2.42,0.0,4.5,3.9,0,2.3,No,Upper-Middle,,5.3,5.3,5.8,4.6,4.8,Yes,Medium,Yes
STU00742,21,Female,1,Arts,Hostel,57.2,3.2,8.84,0.0,6.3,2.0,5,7.8,Yes,Lower-Middle,4.8,4.1,3.3,4.0,5.9,5.1,Yes,Low,No
STU00743,22,Male,4,Science,Day Scholar,,4.4,7.5,0.0,8.3,8.3,3,7.2,No,Upper-Middle,8.0,4.5,6.4,7.7,1.9,4.7,No,High,Yes
STU00744,22,Female,1,Engineering,Day Scholar,70.2,3.6,7.72,0.0,5.0,5.1,2,4.7,No,Low,3.3,8.1,5.1,5.5,5.0,5.7,No,Medium,Yes
STU00745,23,Female,3,Arts,Hostel,39.3,1.3,5.4,1.0,6.7,12.6,2,4.2,No,Middle,4.7,8.5,6.9,2.7,5.2,3.7,No,Medium,Yes
STU00746,20,Female,1,Engineering,Day Scholar,85.7,3.0,6.74,0.0,4.4,,1,3.4,No,Upper-Middle,6.2,4.6,3.8,7.6,6.5,3.0,Yes,Low,No
STU00747,24,Female,4,Medicine,PG/Rented,72.3,3.1,7.06,2.0,4.6,4.1,3,8.6,No,Lower-Middle,4.4,5.3,4.9,6.8,3.9,5.4,No,Medium,Yes
STU00748,23,Female,2,Engineering,Hostel,58.3,4.4,6.47,1.0,8.2,,1,6.6,No,Upper-Middle,7.2,5.0,5.5,4.1,4.3,1.4,No,Medium,No
STU00749,25,,1,Business,Hostel,80.0,2.3,4.37,0.0,7.2,5.1,2,3.5,No,Middle,2.5,9.8,3.6,6.1,7.5,5.7,Yes,Low,No
STU00750,23,Female,2,Science,Day Scholar,66.9,1.7,10.0,0.0,6.7,9.0,0,7.2,Yes,Lower-Middle,1.5,8.5,5.6,6.1,6.4,5.9,No,Medium,Yes
STU00751,19,Male,1,Business,PG/Rented,84.8,3.1,7.97,0.0,2.7,7.7,2,7.7,Yes,Middle,4.3,8.0,7.1,4.1,7.0,2.9,No,Medium,No
STU00752,19,Male,1,Engineering,PG/Rented,88.6,2.2,7.39,1.0,5.4,2.2,4,5.0,Yes,High,4.8,4.2,9.3,5.1,,7.3,Yes,Medium,Yes
STU00753,24,Female,4,Arts,Day Scholar,67.5,2.7,8.64,0.0,,8.1,3,4.3,Yes,Lower-Middle,5.5,2.7,4.0,5.5,4.1,3.8,No,High,Yes
STU00754,21,Male,2,Arts,PG/Rented,74.4,3.1,7.7,0.0,4.0,7.0,1,3.0,Yes,Middle,5.3,9.2,7.3,3.5,8.7,3.6,No,Medium,No
STU00755,20,Female,3,Science,Day Scholar,,2.6,5.85,0.0,5.7,6.6,1,6.4,Yes,Upper-Middle,4.1,10.0,1.5,8.0,5.3,3.2,Yes,Low,Yes
STU00756,24,Other,3,Business,Day Scholar,56.9,4.7,8.55,1.0,7.3,4.0,1,4.1,Yes,High,1.5,2.6,,0.7,5.2,5.4,Yes,Low,No
STU00757,22,Female,3,Arts,Hostel,81.2,5.5,7.99,0.0,3.9,4.2,1,4.1,No,Upper-Middle,4.7,10.0,5.6,6.5,5.3,3.7,Yes,Low,Yes
STU00758,18,Male,1,Business,Hostel,56.5,4.6,5.9,,3.7,5.8,1,5.0,No,Middle,2.6,6.3,7.1,2.3,8.8,1.6,No,Low,No
STU00759,20,Male,1,,Hostel,86.5,0.4,7.91,0.0,4.0,4.3,2,3.4,No,High,5.2,6.9,4.5,4.5,3.9,5.2,Yes,Low,No
STU00760,20,Male,3,Arts,Day Scholar,71.5,2.2,6.46,0.0,6.7,8.4,1,8.1,Yes,Upper-Middle,,3.6,6.0,1.5,6.9,3.9,No,Low,No
STU00761,22,Female,4,Arts,Hostel,56.5,2.9,7.09,1.0,5.4,4.2,2,6.9,No,Upper-Middle,5.9,2.6,7.7,2.1,6.1,6.7,No,Medium,Yes
STU00762,22,Female,1,Engineering,PG/Rented,69.3,0.2,7.64,2.0,7.5,1.2,2,5.2,No,Low,8.8,1.5,3.2,4.8,2.6,5.1,No,High,Yes
STU00763,17,Female,1,Engineering,Hostel,69.9,1.8,8.72,0.0,6.4,2.6,2,3.3,Yes,Lower-Middle,3.3,8.8,1.6,5.2,4.9,5.0,No,Medium,Yes
STU00764,24,Male,2,Engineering,Hostel,94.0,2.9,5.9,2.0,9.0,2.8,1,,No,Middle,2.1,6.3,7.7,7.3,3.7,6.5,Yes,Medium,Yes
STU00765,22,Female,4,Engineering,Day Scholar,80.6,2.5,7.31,2.0,4.3,4.9,2,3.3,No,Middle,7.6,7.5,3.5,4.1,2.8,4.8,No,High,Yes
STU00766,19,Female,1,Business,Day Scholar,63.7,3.2,9.62,1.0,6.7,6.0,0,2.5,No,Lower-Middle,9.1,9.0,6.4,6.4,8.0,6.1,No,Medium,Yes
STU00767,25,Male,2,Arts,Hostel,100.0,1.0,6.55,2.0,5.0,5.6,0,5.6,No,Low,2.1,6.3,9.4,5.0,2.9,3.2,No,High,Yes
STU00768,18,Female,4,Engineering,Hostel,87.4,2.5,,0.0,7.1,6.5,2,3.7,No,Middle,4.8,10.0,7.2,6.3,7.1,7.8,No,Medium,No
STU00769,24,Male,1,Law,PG/Rented,73.0,,9.62,0.0,6.4,4.9,1,,No,Lower-Middle,6.1,4.7,3.6,2.6,3.7,5.1,No,Medium,No
STU00770,19,Male,1,Engineering,Hostel,54.7,3.2,7.69,1.0,4.7,5.0,1,3.4,Yes,Lower-Middle,4.4,5.6,,5.2,8.4,2.1,No,High,Yes
STU00771,21,Female,3,Science,Hostel,,3.9,4.74,3.0,6.0,9.4,7,7.0,Yes,Lower-Middle,1.0,4.5,3.9,5.8,4.6,4.8,No,High,No
STU00772,22,Male,4,Arts,PG/Rented,74.7,3.8,5.69,0.0,6.3,8.2,0,3.5,No,Upper-Middle,1.8,8.3,5.8,3.9,6.2,,Yes,Low,No
STU00773,22,Female,1,Business,Hostel,83.5,2.5,7.77,1.0,5.3,6.4,0,7.5,Yes,Middle,2.1,8.9,5.0,5.8,4.3,4.7,No,Medium,Yes
STU00774,20,Female,2,Engineering,Day Scholar,87.1,3.4,7.39,1.0,7.3,7.5,3,4.4,Yes,Lower-Middle,2.6,5.5,8.2,6.0,0.9,0.0,No,High,Yes
STU00775,19,Female,2,Arts,Hostel,90.1,1.9,7.03,1.0,4.7,1.3,1,2.5,No,Low,5.2,3.4,6.8,3.9,2.0,3.4,Yes,Medium,Yes
STU00776,20,Male,2,Business,Hostel,53.8,2.8,9.83,0.0,9.3,3.7,1,,No,Middle,7.5,9.2,4.0,6.7,1.5,1.7,No,Medium,Yes
STU00777,17,Female,3,Law,Hostel,81.1,,5.94,1.0,7.6,4.5,0,6.8,Yes,Upper-Middle,1.9,4.6,7.2,0.0,6.0,1.8,Yes,Low,No
STU00778,20,Female,2,Arts,Hostel,75.6,4.9,6.7,0.0,6.7,3.7,7,3.3,No,Middle,3.2,,8.5,0.8,5.4,4.8,Yes,Low,No
STU00779,17,Female,2,Law,Hostel,100.0,2.8,4.05,0.0,10.0,2.1,3,5.1,No,Lower-Middle,2.4,,,2.7,6.7,3.4,No,Low,No
STU00780,17,Male,2,Engineering,Hostel,79.0,4.9,8.42,1.0,5.7,6.4,2,5.6,No,Middle,5.7,,6.5,5.6,4.1,3.8,No,Medium,Yes
STU00781,22,Male,3,Science,PG/Rented,68.7,3.7,5.68,2.0,7.1,8.5,2,,Yes,,,4.8,3.8,3.3,0.9,2.7,No,High,Yes
STU00782,21,Female,2,Arts,Hostel,79.7,1.8,8.28,1.0,6.5,5.5,1,4.1,No,Lower-Middle,2.7,8.0,5.2,2.1,8.2,7.3,No,Low,No
STU00783,20,Male,4,Science,Day Scholar,77.9,3.6,8.13,2.0,7.4,6.9,3,6.8,No,Middle,1.3,5.3,3.7,4.8,7.6,4.6,Yes,Low,No
STU00784,19,Female,1,Engineering,PG/Rented,48.2,4.5,10.0,2.0,8.4,5.4,1,,No,Lower-Middle,8.1,7.7,8.0,5.2,6.3,1.5,No,High,Yes
STU00785,17,Female,4,Science,Day Scholar,84.1,3.1,7.71,0.0,7.0,4.5,2,3.8,Yes,Low,10.0,4.5,4.5,3.6,7.8,5.8,No,High,Yes
STU00786,22,Female,4,,Hostel,73.3,3.3,6.3,1.0,7.8,7.5,1,1.5,No,Low,5.2,9.2,6.4,2.4,5.3,3.8,Yes,Medium,Yes
STU00787,18,Female,1,Science,PG/Rented,77.6,2.3,7.44,0.0,5.4,2.4,1,1.5,No,Middle,8.4,5.4,6.8,5.0,6.1,6.9,No,High,Yes
STU00788,24,Female,2,Business,Hostel,64.9,3.2,5.74,1.0,5.9,1.4,0,5.4,Yes,Low,3.7,6.7,10.0,6.7,4.0,4.5,No,High,Yes
STU00789,21,Female,2,Medicine,Hostel,61.6,3.6,7.25,0.0,8.7,2.3,3,4.8,No,Low,5.0,3.9,5.0,2.3,3.3,3.1,No,Medium,Yes
STU00790,23,Female,1,Engineering,PG/Rented,91.2,2.3,,2.0,7.1,7.4,3,6.8,Yes,Lower-Middle,6.5,6.5,,8.5,2.2,3.4,Yes,High,Yes
STU00791,18,Female,2,Science,Day Scholar,94.6,1.5,6.7,2.0,6.6,5.7,2,7.3,No,Low,3.3,4.0,5.4,3.8,3.9,3.7,No,Medium,No
STU00792,24,Male,1,Medicine,Day Scholar,84.3,5.3,5.54,0.0,5.1,6.3,2,4.5,Yes,Middle,4.6,6.4,3.8,3.6,10.0,5.5,No,Low,No
STU00793,18,Male,1,Science,Hostel,50.8,4.2,,0.0,7.6,9.2,1,6.9,No,Low,4.3,4.4,4.5,5.3,2.3,2.9,No,High,Yes
STU00794,20,Female,4,Arts,Day Scholar,85.2,2.3,7.95,1.0,5.0,2.9,3,3.9,No,Lower-Middle,6.0,6.2,7.0,5.2,3.5,7.0,No,Medium,No
STU00795,17,Male,1,Business,Hostel,51.1,3.6,4.49,5.0,4.6,8.1,1,4.7,No,Upper-Middle,,7.5,4.2,0.1,5.7,5.2,No,High,Yes
STU00796,21,Male,4,Law,PG/Rented,68.1,0.8,5.84,0.0,6.4,,1,4.6,No,Middle,3.3,,6.6,4.8,10.0,4.9,Yes,Low,No
STU00797,25,Male,2,Engineering,Hostel,91.0,0.0,7.04,1.0,2.6,4.3,3,8.2,Yes,Middle,4.3,,6.7,,3.3,4.6,Yes,High,Yes
STU00798,17,Female,4,Arts,PG/Rented,,4.9,3.51,1.0,7.1,5.7,3,2.4,No,Low,7.6,7.4,6.0,7.3,4.2,4.5,No,High,Yes
STU00799,25,Female,3,Science,Day Scholar,84.9,,9.24,1.0,,6.0,2,5.1,No,Middle,6.3,7.4,6.8,4.7,6.9,,No,Low,No
STU00800,24,Female,1,Science,PG/Rented,,3.1,5.8,1.0,5.7,5.0,2,3.6,Yes,Lower-Middle,6.1,10.0,4.9,4.2,6.8,5.1,No,Medium,No
